pattern,tissue,gene,lineage,IT_pct,IT_p,IA_p,direction,consistency
IT_specific,Liver,ATM,Myeloid,43.79999923706055,0.025974,0.536797,↑,32/36
IT_specific,Liver,BATF,Myeloid,-62.400001525878906,0.025974,0.082139,↓,32/36
IT_specific,Liver,BCL6,CD8_T,163.10000610351562,0.004329,0.177489,↑,35/36
IT_specific,Liver,BIRC5,Myeloid,519.2000122070312,0.040253,0.073153,↑,28/36
IT_specific,Liver,CASP3,Myeloid,112.4000015258789,0.025974,0.792208,↑,32/36
IT_specific,Liver,CASP8,Myeloid,77.9000015258789,0.041126,0.930736,↑,31/36
IT_specific,Liver,CCR7,Myeloid,460.6000061035156,0.012907,0.779243,↑,34/36
IT_specific,Liver,CD69,B,-27.399999618530277,0.017316,0.051948,↓,28/30
IT_specific,Liver,CDKN1A,PlasmaB,57.900001525878906,0.017316,0.246753,↑,28/30
IT_specific,Liver,CDKN2A,PlasmaB,-62.09999847412109,0.017316,0.177489,↓,28/30
IT_specific,Liver,COL1A1,NK,-63.79999923706055,0.015152,0.536797,↓,33/36
IT_specific,Liver,DNMT1,Myeloid,125.1999969482422,0.002165,0.329004,↑,36/36
IT_specific,Liver,DNMT3A,PlasmaB,748.7000122070312,0.011644,0.103604,↑,29/30
IT_specific,Liver,EIF4EBP1,CD4_T,-49.0,0.015152,0.177489,↓,33/36
IT_specific,Liver,EIF4EBP1,NK,-53.09999847412109,0.008658,0.246753,↓,34/36
IT_specific,Liver,FCER1G,PlasmaB,219.3999938964844,0.017316,0.051948,↑,28/30
IT_specific,Liver,FOXP3,CD8_T,1247.4000244140625,0.044951,0.407016,↑,31/36
IT_specific,Liver,GLB1,PlasmaB,233.3000030517578,0.022174,0.117306,↑,28/30
IT_specific,Liver,GZMB,PlasmaB,297.70001220703125,0.008658,0.051948,↑,29/30
IT_specific,Liver,IGFBP7,CD4_T,2134.699951171875,0.016711,0.11275,↑,30/36
IT_specific,Liver,IL2RA,B,533.2000122070312,0.007969,0.082139,↑,30/30
IT_specific,Liver,IRF4,Myeloid,231.0,0.015152,0.051948,↑,33/36
IT_specific,Liver,IRF4,CD8_T,91.6999969482422,0.041126,0.125541,↑,31/36
IT_specific,Liver,JAK1,CD4_T,36.0,0.041126,0.082251,↑,31/36
IT_specific,Liver,LAYN,CD4_T,430.5,0.008658,0.125541,↑,34/36
IT_specific,Liver,LGALS9,NK,61.59999847412109,0.025974,0.792208,↑,32/36
IT_specific,Liver,MT-ND1,CD8_T,17.5,0.041126,0.329004,↑,31/36
IT_specific,Liver,MT-ND2,CD8_T,22.899999618530277,0.041126,0.428571,↑,31/36
IT_specific,Liver,MTOR,Myeloid,327.29998779296875,0.034087,0.842187,↑,30/36
IT_specific,Liver,MTOR,CD4_T,154.89999389648438,0.008658,0.051948,↑,34/36
IT_specific,Liver,NCR1,Myeloid,99999.0,0.028441,0.36131,↑,24/36
IT_specific,Liver,NDUFA1,B,33.099998474121094,0.030303,0.662338,↑,27/30
IT_specific,Liver,NLRP3,PlasmaB,99999.0,0.048406,1.0,↑,18/30
IT_specific,Liver,PDCD1,CD8_T,95.6999969482422,0.025974,0.177489,↑,32/36
IT_specific,Liver,PECAM1,PlasmaB,67.9000015258789,0.017316,0.792208,↑,28/30
IT_specific,Liver,PRF1,Myeloid,99999.0,0.009622,0.36131,↑,30/36
IT_specific,Liver,RB1,B,99.9000015258789,0.004329,0.428571,↑,30/30
IT_specific,Liver,SDHB,CD4_T,49.900001525878906,0.041126,0.051948,↑,31/36
IT_specific,Liver,SNAI1,PlasmaB,6866.39990234375,0.044368,0.597048,↑,24/30
IT_specific,Liver,TFAM,CD4_T,42.70000076293945,0.025974,0.428571,↑,32/36
IT_specific,Liver,TFAM,CD8_T,55.29999923706055,0.002165,0.246753,↑,36/36
IT_specific,Liver,TFAM,NK,53.0,0.041126,0.792208,↑,31/36
IT_specific,Liver,TGFBR2,CD4_T,46.29999923706055,0.041126,0.082251,↑,31/36
IT_specific,Liver,TIGIT,CD8_T,151.5,0.004329,0.082251,↑,35/36
IT_specific,Liver,TOX,Myeloid,1856.800048828125,0.004337,0.907569,↑,36/36
IT_specific,Liver,TOX,CD4_T,100.6999969482422,0.008658,0.125541,↑,34/36
IT_specific,Liver,TOX,CD8_T,86.5999984741211,0.002165,0.125541,↑,36/36
IT_specific,Liver,TP53,CD8_T,65.4000015258789,0.025974,0.082251,↑,32/36
IT_specific,Liver,TP53,PlasmaB,380.2000122070313,0.007969,0.117306,↑,30/30
IT_specific,Liver,TYROBP,PlasmaB,237.6000061035156,0.008658,0.082251,↑,29/30
IT_specific,Liver,VEGFA,Myeloid,-68.4000015258789,0.041126,0.082251,↓,31/36
IT_specific,Liver,VEGFA,PlasmaB,-93.4000015258789,0.027659,0.061664,↓,25/30
IT_specific,Blood,ANGPT2,CD4_T,838.7999877929688,0.01775,0.139996,↑,24/25
IT_specific,Blood,ATM,CD4_T,57.59999847412109,0.007937,0.285714,↑,25/25
IT_specific,Blood,ATM,CD8_T,80.80000305175781,0.007937,0.285714,↑,25/25
IT_specific,Blood,ATM,NK,75.69999694824219,0.007937,0.285714,↑,25/25
IT_specific,Blood,ATP5F1B,PlasmaB,24.899999618530277,0.015873,0.285714,↑,24/25
IT_specific,Blood,BATF,CD4_T,-39.59999847412109,0.031746,0.285714,↓,23/25
IT_specific,Blood,BCL2,B,84.19999694824219,0.007937,0.063492,↑,25/25
IT_specific,Blood,CASP3,Myeloid,132.6999969482422,0.036145,0.109855,↑,23/25
IT_specific,Blood,CASP8,Myeloid,106.4000015258789,0.031746,0.190476,↑,23/25
IT_specific,Blood,CD274,CD8_T,269.6000061035156,0.034454,0.061689,↑,23/25
IT_specific,Blood,CD274,B,438.2999877929688,0.031141,0.466854,↑,23/25
IT_specific,Blood,CD69,CD8_T,-51.20000076293945,0.031746,0.063492,↓,23/25
IT_specific,Blood,CDK1,NK,-80.19999694824219,0.031746,0.190476,↓,23/25
IT_specific,Blood,CDK4,B,109.0,0.015873,0.190476,↑,24/25
IT_specific,Blood,CTLA4,CD8_T,-71.5,0.007937,0.285714,↓,25/25
IT_specific,Blood,DNMT3A,CD4_T,133.1999969482422,0.007937,0.190476,↑,25/25
IT_specific,Blood,DNMT3A,CD8_T,90.3000030517578,0.015873,0.063492,↑,24/25
IT_specific,Blood,DNMT3B,Myeloid,1118.4000244140625,0.044909,0.081136,↑,20/25
IT_specific,Blood,EIF4EBP1,B,52.5,0.007937,0.904762,↑,25/25
IT_specific,Blood,ENTPD1,B,133.6999969482422,0.021177,0.065064,↑,24/25
IT_specific,Blood,FCER1G,PlasmaB,514.7999877929688,0.021177,0.065064,↑,24/25
IT_specific,Blood,HIF1A,CD8_T,-33.20000076293945,0.031746,0.904762,↓,23/25
IT_specific,Blood,IKZF2,Myeloid,99999.0,0.007495,0.13121,↑,25/25
IT_specific,Blood,IL7R,PlasmaB,685.2999877929688,0.044909,0.227249,↑,20/25
IT_specific,Blood,JAK1,B,46.59999847412109,0.007937,0.063492,↑,25/25
IT_specific,Blood,JAK1,PlasmaB,133.6999969482422,0.015873,0.190476,↑,24/25
IT_specific,Blood,MCM2,NK,-53.900001525878906,0.031746,0.190476,↓,23/25
IT_specific,Blood,MEFV,Myeloid,201.1000061035156,0.007937,0.190476,↑,25/25
IT_specific,Blood,MT-ND1,Myeloid,20.700000762939453,0.007937,0.190476,↑,25/25
IT_specific,Blood,MT-ND1,CD8_T,35.5,0.007937,0.111111,↑,25/25
IT_specific,Blood,MT-ND1,NK,34.5,0.031746,0.063492,↑,23/25
IT_specific,Blood,MT-ND1,B,25.100000381469727,0.007937,0.063492,↑,25/25
IT_specific,Blood,MT-ND2,CD8_T,48.09999847412109,0.007937,0.063492,↑,25/25
IT_specific,Blood,MT-ND2,B,14.199999809265137,0.031746,1.0,↑,23/25
IT_specific,Blood,MTOR,B,214.1999969482422,0.021177,0.109855,↑,24/25
IT_specific,Blood,NRP1,Myeloid,720.9000244140625,0.031141,0.055009,↑,23/25
IT_specific,Blood,PECAM1,B,124.8000030517578,0.015873,0.111111,↑,24/25
IT_specific,Blood,PRDM1,CD8_T,-57.900001525878906,0.007937,0.111111,↓,25/25
IT_specific,Blood,PYCARD,Myeloid,24.700000762939453,0.007937,0.190476,↑,25/25
IT_specific,Blood,PYCARD,B,76.69999694824219,0.015873,0.285714,↑,24/25
IT_specific,Blood,PYCARD,PlasmaB,138.5,0.007937,0.190476,↑,25/25
IT_specific,Blood,RB1,B,72.9000015258789,0.031746,0.190476,↑,23/25
IT_specific,Blood,RPTOR,CD4_T,95.3000030517578,0.031746,0.111111,↑,23/25
IT_specific,Blood,RPTOR,NK,100.1999969482422,0.015873,0.190476,↑,24/25
IT_specific,Blood,SERPINE1,Myeloid,1240.4000244140625,0.044909,0.227249,↑,20/25
IT_specific,Blood,STAT5A,Myeloid,133.89999389648438,0.007937,0.063492,↑,25/25
IT_specific,Blood,TCF7,CD8_T,89.5,0.031746,0.412698,↑,23/25
IT_specific,Blood,TCF7,B,231.6999969482422,0.036145,0.170609,↑,23/25
IT_specific,Blood,TET2,NK,72.0,0.031746,0.111111,↑,23/25
IT_specific,Blood,TFAM,CD8_T,85.80000305175781,0.015873,0.111111,↑,24/25
IT_specific,Blood,TGFBR1,NK,95.9000015258789,0.007937,0.111111,↑,25/25
IT_specific,Blood,TGFBR1,PlasmaB,1215.5,0.044909,0.081136,↑,20/25
IT_specific,Blood,TGFBR2,Myeloid,81.0999984741211,0.031746,0.063492,↑,23/25
IT_specific,Blood,TGFBR2,CD4_T,77.0999984741211,0.031746,0.190476,↑,23/25
IT_specific,Blood,TGFBR2,CD8_T,104.9000015258789,0.031746,0.111111,↑,23/25
IT_specific,Blood,TIMP1,NK,24.700000762939453,0.031746,0.555556,↑,23/25
IT_specific,Blood,TOX2,B,689.0999755859375,0.031141,0.096319,↑,23/25
IT_specific,Blood,TP53,Myeloid,113.0,0.031746,0.111111,↑,23/25
IT_specific,Blood,TP53,NK,95.4000015258789,0.031746,0.190476,↑,23/25
IT_specific,Blood,VEGFB,PlasmaB,970.4000244140624,0.011159,0.061689,↑,25/25
IT_specific,Blood,VIM,PlasmaB,27.899999618530277,0.007937,0.285714,↑,25/25
IT_specific,Blood,ZEB1,CD8_T,71.69999694824219,0.031746,0.190476,↑,23/25
chronic_persistent,Liver,ATP5F1B,PlasmaB,46.59999847412109,0.030303,<0.05,↑,27/30
chronic_persistent,Liver,BAK1,Myeloid,379.5,0.002165,<0.05,↑,36/36
chronic_persistent,Liver,CASP8,PlasmaB,219.8999938964844,0.022174,<0.05,↑,28/30
chronic_persistent,Liver,CD27,CD4_T,93.5,0.002165,<0.05,↑,36/36
chronic_persistent,Liver,CD27,B,124.5999984741211,0.017316,<0.05,↑,28/30
chronic_persistent,Liver,CD69,CD4_T,-18.799999237060547,0.041126,<0.05,↓,31/36
chronic_persistent,Liver,CTLA4,CD4_T,171.10000610351562,0.004329,<0.05,↑,35/36
chronic_persistent,Liver,CXCL13,CD4_T,99999.0,0.009622,<0.05,↑,30/36
chronic_persistent,Liver,CXCL13,CD8_T,7404.89990234375,0.024992,<0.05,↑,30/36
chronic_persistent,Liver,DNMT3B,NK,-83.80000305175781,0.012436,<0.05,↓,34/36
chronic_persistent,Liver,HDAC1,PlasmaB,112.8000030517578,0.008658,<0.05,↑,29/30
chronic_persistent,Liver,IL2RA,PlasmaB,99999.0,0.015024,<0.05,↑,24/30
chronic_persistent,Liver,IRF4,PlasmaB,149.60000610351562,0.030303,<0.05,↑,27/30
chronic_persistent,Liver,JAK1,B,73.0999984741211,0.004329,<0.05,↑,30/30
chronic_persistent,Liver,JAK1,PlasmaB,76.0999984741211,0.017316,<0.05,↑,28/30
chronic_persistent,Liver,MT-CYB,CD4_T,13.100000381469728,0.025974,<0.05,↑,32/36
chronic_persistent,Liver,MT-CYB,PlasmaB,26.299999237060547,0.008658,<0.05,↑,29/30
chronic_persistent,Liver,MT-ND1,PlasmaB,40.0,0.004329,<0.05,↑,30/30
chronic_persistent,Liver,MT-ND2,PlasmaB,55.900001525878906,0.017316,<0.05,↑,28/30
chronic_persistent,Liver,NCR3,CD4_T,-50.20000076293945,0.002165,<0.05,↓,36/36
chronic_persistent,Liver,NRP1,PlasmaB,761.0,0.016685,<0.05,↑,28/30
chronic_persistent,Liver,PRDM1,CD4_T,-36.400001525878906,0.002165,<0.05,↓,36/36
chronic_persistent,Liver,PYCARD,PlasmaB,163.60000610351562,0.004329,<0.05,↑,30/30
chronic_persistent,Liver,RORC,CD4_T,-49.400001525878906,0.025974,<0.05,↓,32/36
chronic_persistent,Liver,SDHB,CD8_T,53.70000076293945,0.015152,<0.05,↑,33/36
chronic_persistent,Liver,SDHB,NK,52.5,0.025974,<0.05,↑,32/36
chronic_persistent,Liver,SELL,PlasmaB,248.3999938964844,0.017316,<0.05,↑,28/30
chronic_persistent,Liver,TET2,B,421.7999877929688,0.007969,<0.05,↑,30/30
chronic_persistent,Liver,TIGIT,CD4_T,123.8000030517578,0.015152,<0.05,↑,33/36
chronic_persistent,Liver,TOX2,CD4_T,242.1000061035156,0.008658,<0.05,↑,34/36
chronic_persistent,Liver,UQCRC1,CD8_T,30.100000381469727,0.015152,<0.05,↑,33/36
chronic_persistent,Liver,VIM,PlasmaB,47.400001525878906,0.008658,<0.05,↑,29/30
chronic_persistent,Blood,AIM2,Myeloid,1431.199951171875,0.011159,<0.05,↑,25/25
chronic_persistent,Blood,ATP5F1B,Myeloid,59.5,0.031746,<0.05,↑,23/25
chronic_persistent,Blood,BAK1,Myeloid,196.1000061035156,0.007937,<0.05,↑,25/25
chronic_persistent,Blood,BCL6,B,217.8999938964844,0.011925,<0.05,↑,25/25
chronic_persistent,Blood,CCND1,CD4_T,790.5,0.01775,<0.05,↑,24/25
chronic_persistent,Blood,CCND1,B,467.1000061035156,0.011159,<0.05,↑,25/25
chronic_persistent,Blood,CD44,Myeloid,68.5,0.015873,<0.05,↑,24/25
chronic_persistent,Blood,CD44,CD4_T,37.5,0.031746,<0.05,↑,23/25
chronic_persistent,Blood,CD44,NK,64.19999694824219,0.031746,<0.05,↑,23/25
chronic_persistent,Blood,CD44,B,97.4000015258789,0.007937,<0.05,↑,25/25
chronic_persistent,Blood,CDK1,B,1072.800048828125,0.044909,<0.05,↑,20/25
chronic_persistent,Blood,DNMT1,Myeloid,163.8000030517578,0.007937,<0.05,↑,25/25
chronic_persistent,Blood,DNMT1,NK,64.30000305175781,0.031746,<0.05,↑,23/25
chronic_persistent,Blood,DNMT3A,Myeloid,348.29998779296875,0.011925,<0.05,↑,25/25
chronic_persistent,Blood,EZH2,Myeloid,193.5,0.011925,<0.05,↑,25/25
chronic_persistent,Blood,FAS,Myeloid,143.89999389648438,0.007937,<0.05,↑,25/25
chronic_persistent,Blood,GATA3,Myeloid,99999.0,0.007495,<0.05,↑,25/25
chronic_persistent,Blood,ID3,CD4_T,367.8999938964844,0.015873,<0.05,↑,24/25
chronic_persistent,Blood,ID3,CD8_T,453.0,0.036145,<0.05,↑,23/25
chronic_persistent,Blood,IDO1,Myeloid,1084.4000244140625,0.01775,<0.05,↑,24/25
chronic_persistent,Blood,IRF4,Myeloid,1864.300048828125,0.009701,<0.05,↑,25/25
chronic_persistent,Blood,JAK1,Myeloid,128.3000030517578,0.007937,<0.05,↑,25/25
chronic_persistent,Blood,JAK1,NK,46.900001525878906,0.007937,<0.05,↑,25/25
chronic_persistent,Blood,JAK3,PlasmaB,477.2999877929688,0.011159,<0.05,↑,25/25
chronic_persistent,Blood,LAYN,Myeloid,99999.0,0.02537,<0.05,↑,20/25
chronic_persistent,Blood,LGALS9,Myeloid,93.6999969482422,0.015873,<0.05,↑,24/25
chronic_persistent,Blood,MCM2,Myeloid,99999.0,0.02537,<0.05,↑,20/25
chronic_persistent,Blood,MT-CO1,CD8_T,8.800000190734863,0.015873,<0.05,↑,24/25
chronic_persistent,Blood,MT-CYB,CD4_T,20.700000762939453,0.007937,<0.05,↑,25/25
chronic_persistent,Blood,MT-CYB,CD8_T,22.299999237060547,0.007937,<0.05,↑,25/25
chronic_persistent,Blood,MT-CYB,NK,21.5,0.015873,<0.05,↑,24/25
chronic_persistent,Blood,MT-ND1,CD4_T,35.400001525878906,0.007937,<0.05,↑,25/25
chronic_persistent,Blood,MT-ND2,CD4_T,40.900001525878906,0.007937,<0.05,↑,25/25
chronic_persistent,Blood,MT-ND2,NK,36.0,0.007937,<0.05,↑,25/25
chronic_persistent,Blood,MT-ND2,PlasmaB,74.4000015258789,0.007937,<0.05,↑,25/25
chronic_persistent,Blood,MTOR,Myeloid,520.5,0.011925,<0.05,↑,25/25
chronic_persistent,Blood,NKG7,Myeloid,-81.5,0.007937,<0.05,↓,25/25
chronic_persistent,Blood,NRF1,Myeloid,160.5,0.036145,<0.05,↑,23/25
chronic_persistent,Blood,PINK1,B,290.6000061035156,0.021177,<0.05,↑,24/25
chronic_persistent,Blood,PRDM1,CD4_T,-58.5,0.007937,<0.05,↓,25/25
chronic_persistent,Blood,RICTOR,B,63.400001525878906,0.007937,<0.05,↑,25/25
chronic_persistent,Blood,RPTOR,PlasmaB,99999.0,0.02537,<0.05,↑,20/25
chronic_persistent,Blood,TCF7,NK,198.8999938964844,0.031746,<0.05,↑,23/25
chronic_persistent,Blood,TET2,Myeloid,150.10000610351562,0.007937,<0.05,↑,25/25
chronic_persistent,Blood,TFAM,Myeloid,171.1999969482422,0.007937,<0.05,↑,25/25
chronic_persistent,Blood,TFAM,CD4_T,90.5999984741211,0.015873,<0.05,↑,24/25
chronic_persistent,Blood,TGFB1,Myeloid,155.60000610351562,0.007937,<0.05,↑,25/25
chronic_persistent,Blood,TGFB1,PlasmaB,197.8000030517578,0.015873,<0.05,↑,24/25
chronic_persistent,Blood,TGFBR2,PlasmaB,1706.5,0.009701,<0.05,↑,25/25
chronic_persistent,Blood,TYROBP,PlasmaB,910.7999877929688,0.007937,<0.05,↑,25/25
chronic_persistent,Blood,VEGFB,NK,152.39999389648438,0.007937,<0.05,↑,25/25
chronic_persistent,Blood,ZEB1,Myeloid,99999.0,0.007495,<0.05,↑,25/25
