Gene,Lineage,Tissue,NL->IT,NL->IA,NL->AR,IA vs AR
GNLY,CD8_T,Liver,+88.1% (p=0.937),+1.8% (p=0.931),*+128.7% (p=0.024),(t)+124.6% (p=0.071)
GNLY,CD8_T,Blood,+9.6% (p=0.691),-37.6% (p=0.556),*+155.8% (p=0.036),(t)+310.0% (p=0.057)
GNLY,NK,Blood,+14.6% (p=0.222),-6.2% (p=0.905),*+21.8% (p=0.036),+29.8% (p=0.114)
GNLY,PlasmaB,Liver,-100.0% (p=0.223),+222.0% (p=0.908),*+11297.2% (p=0.022),*+3439.1% (p=0.026)
FOXP3,CD4_T,Liver,(t)+153.7% (p=0.093),*+255.0% (p=0.004),+50.4% (p=0.548),*-57.6% (p=0.036)
FOXP3,CD8_T,Liver,*+1247.4% (p=0.045),+157.4% (p=0.407),+2.2% (p=0.897),-60.3% (p=0.571)
FOXP3,CD8_T,Blood,+358.8% (p=0.265),*+1053.4% (p=0.018),+295.3% (p=0.127),(t)-65.7% (p=0.057)
FOXP3,NK,Liver,+526.1% (p=0.104),*+1107.0% (p=0.044),+172.5% (p=0.878),-77.4% (p=0.359)
LAYN,Myeloid,Blood,*from_zero (p=0.025),*from_zero (p=0.042),*from_zero (p=0.017),+119.3% (p=0.857)
LAYN,CD4_T,Liver,*+430.5% (p=0.009),+258.8% (p=0.126),+55.7% (p=0.905),-56.6% (p=0.571)
LAYN,NK,Blood,-38.4% (p=0.833),+62.9% (p=0.902),-96.8% (p=0.341),*-98.1% (p=0.050)
LAYN,B,Liver,-0.0% (p=1.000),*from_zero (p=0.048),-0.0% (p=1.000),-100.0% (p=0.172)
TIGIT,Myeloid,Blood,from_zero (p=0.180),*from_zero (p=0.011),from_zero (p=0.302),*-98.7% (p=0.050)
TIGIT,CD4_T,Liver,*+123.8% (p=0.015),*+157.4% (p=0.009),(t)+131.5% (p=0.095),-10.0% (p=1.000)
TIGIT,CD8_T,Liver,*+151.5% (p=0.004),(t)+186.0% (p=0.082),*+198.1% (p=0.024),+4.2% (p=0.786)
TIGIT,B,Liver,+367.2% (p=0.169),*+1437.6% (p=0.029),+856.0% (p=0.220),-37.8% (p=0.453)
TIGIT,PlasmaB,Blood,(t)from_zero (p=0.072),from_zero (p=0.131),*from_zero (p=0.017),+23.2% (p=0.858)
DNMT1,Myeloid,Liver,*+125.2% (p=0.002),+49.7% (p=0.329),(t)+75.6% (p=0.095),+17.3% (p=1.000)
DNMT1,Myeloid,Blood,*+163.8% (p=0.008),*+179.8% (p=0.016),*+175.7% (p=0.036),-1.5% (p=0.857)
DNMT1,CD4_T,Blood,(t)+42.0% (p=0.056),+41.8% (p=0.111),*+45.4% (p=0.036),+2.6% (p=1.000)
DNMT1,CD8_T,Blood,(t)+35.5% (p=0.056),+29.4% (p=0.413),*+37.2% (p=0.036),+6.1% (p=1.000)
DNMT1,NK,Blood,*+64.3% (p=0.032),*+74.5% (p=0.032),*+67.1% (p=0.036),-4.2% (p=0.857)
DNMT1,PlasmaB,Liver,(t)+161.5% (p=0.082),*+237.0% (p=0.009),+25.6% (p=0.548),*-62.7% (p=0.036)
CTLA4,CD4_T,Liver,*+171.1% (p=0.004),*+163.1% (p=0.030),(t)+133.8% (p=0.095),-11.1% (p=0.786)
CTLA4,CD8_T,Liver,(t)+257.7% (p=0.065),*+583.8% (p=0.017),*+470.7% (p=0.024),-16.5% (p=1.000)
CTLA4,CD8_T,Blood,*-71.5% (p=0.008),+43.3% (p=0.286),-57.2% (p=0.393),-70.1% (p=0.400)
CTLA4,NK,Liver,+178.4% (p=0.295),*+391.7% (p=0.035),(t)+178.8% (p=0.092),-43.3% (p=0.786)
CTLA4,B,Liver,-0.0% (p=1.000),*from_zero (p=0.048),-0.0% (p=1.000),-100.0% (p=0.172)
TOX,Myeloid,Liver,*+1856.8% (p=0.004),-24.6% (p=0.908),+299.1% (p=0.203),+429.3% (p=0.172)
TOX,CD4_T,Liver,*+100.7% (p=0.009),+70.2% (p=0.126),*+67.0% (p=0.024),-1.9% (p=0.571)
TOX,CD8_T,Liver,*+86.6% (p=0.002),+94.2% (p=0.126),*+85.9% (p=0.024),-4.3% (p=0.571)
TOX,B,Liver,+94.5% (p=0.311),*+244.1% (p=0.035),+160.7% (p=0.154),-24.2% (p=0.786)
GZMB,CD8_T,Liver,+4.6% (p=0.699),-40.7% (p=0.126),+37.5% (p=0.262),*+131.9% (p=0.036)
GZMB,PlasmaB,Liver,*+297.7% (p=0.009),(t)+232.3% (p=0.052),*+265.2% (p=0.048),+9.9% (p=0.786)
PRF1,Myeloid,Liver,*from_zero (p=0.010),from_zero (p=0.361),-0.0% (p=1.000),-100.0% (p=0.606)
PRF1,CD4_T,Liver,(t)-18.9% (p=0.093),*-39.0% (p=0.030),-26.8% (p=0.167),+19.9% (p=0.571)
GZMK,Myeloid,Liver,+248.3% (p=0.295),-94.3% (p=0.245),+28.9% (p=0.787),+2175.8% (p=0.305)
GZMK,CD4_T,Liver,(t)+23.3% (p=0.093),-0.1% (p=0.792),*+42.7% (p=0.024),(t)+42.7% (p=0.071)
GZMK,CD8_T,Liver,(t)+28.7% (p=0.065),-0.5% (p=1.000),*+35.0% (p=0.024),*+35.7% (p=0.036)
GZMK,NK,Liver,+8.4% (p=0.818),+16.0% (p=0.429),*+48.9% (p=0.024),+28.4% (p=0.393)
GZMK,NK,Blood,+55.5% (p=0.841),*+306.4% (p=0.016),+61.0% (p=0.143),-60.4% (p=0.400)
DNMT3A,Myeloid,Blood,*+348.3% (p=0.012),*+306.2% (p=0.019),*+309.0% (p=0.036),+0.7% (p=0.857)
DNMT3A,CD4_T,Blood,*+133.2% (p=0.008),+116.4% (p=0.191),*+147.1% (p=0.036),+14.2% (p=0.629)
DNMT3A,CD8_T,Blood,*+90.3% (p=0.016),(t)+89.4% (p=0.064),(t)+70.0% (p=0.071),-10.2% (p=0.857)
DNMT3A,NK,Blood,+48.3% (p=0.309),*+113.8% (p=0.032),+70.8% (p=0.143),-20.1% (p=0.629)
DNMT3A,B,Blood,(t)+204.3% (p=0.059),(t)+160.1% (p=0.065),*+204.1% (p=0.036),+16.9% (p=0.857)
DNMT3A,PlasmaB,Liver,*+748.7% (p=0.012),+317.1% (p=0.104),*+948.3% (p=0.043),+151.4% (p=0.250)
TET2,Myeloid,Blood,*+150.1% (p=0.008),*+139.9% (p=0.016),*+141.4% (p=0.036),+0.6% (p=1.000)
TET2,NK,Blood,*+72.0% (p=0.032),+73.3% (p=0.111),+37.7% (p=0.143),-20.5% (p=0.400)
TET2,B,Liver,*+421.8% (p=0.008),*+209.0% (p=0.035),+128.1% (p=0.154),-26.2% (p=0.393)
TGFB1,Myeloid,Liver,+9.1% (p=0.485),*+46.8% (p=0.017),+33.8% (p=0.167),-8.8% (p=0.571)
TGFB1,Myeloid,Blood,*+155.6% (p=0.008),*+176.0% (p=0.016),*+135.3% (p=0.036),-14.8% (p=0.400)
TGFB1,NK,Blood,+22.8% (p=0.309),*+76.6% (p=0.016),+14.7% (p=0.786),-35.1% (p=0.400)
TGFB1,PlasmaB,Blood,*+197.8% (p=0.016),*+215.6% (p=0.016),+95.8% (p=0.143),-38.0% (p=0.400)
LGALS9,Myeloid,Blood,*+93.7% (p=0.016),*+96.4% (p=0.032),(t)+67.7% (p=0.071),-14.6% (p=0.400)
LGALS9,CD4_T,Liver,+104.9% (p=0.149),*+131.4% (p=0.017),+118.4% (p=0.167),-5.6% (p=0.571)
LGALS9,NK,Liver,*+61.6% (p=0.026),+10.5% (p=0.792),+2.4% (p=1.000),-7.4% (p=0.786)
SOCS1,CD4_T,Liver,-21.8% (p=0.240),-28.4% (p=0.247),*-36.6% (p=0.048),-11.4% (p=0.571)
SOCS1,CD4_T,Blood,*-67.0% (p=0.008),-23.6% (p=0.286),(t)-65.3% (p=0.071),-54.6% (p=1.000)
SOCS1,CD8_T,Blood,*-64.0% (p=0.008),-12.9% (p=0.286),*-68.1% (p=0.036),-63.4% (p=0.857)
SOCS1,NK,Liver,*-22.5% (p=0.026),-25.6% (p=0.177),*-38.6% (p=0.024),-17.5% (p=0.393)
SOCS1,PlasmaB,Liver,(t)+128.4% (p=0.082),(t)+262.4% (p=0.052),*+203.3% (p=0.024),-16.3% (p=1.000)
SOCS3,CD4_T,Blood,*-76.9% (p=0.008),-65.2% (p=0.111),*-73.3% (p=0.036),-23.3% (p=1.000)
SOCS3,CD8_T,Blood,*-78.9% (p=0.016),-49.1% (p=0.111),-71.6% (p=0.143),-44.2% (p=0.857)
PRDM1,CD4_T,Liver,*-36.4% (p=0.002),*-45.8% (p=0.004),-25.4% (p=0.262),+37.8% (p=0.250)
PRDM1,CD4_T,Blood,*-58.5% (p=0.008),*-64.0% (p=0.016),*-68.9% (p=0.036),-13.6% (p=0.629)
PRDM1,CD8_T,Blood,*-57.9% (p=0.008),-45.9% (p=0.111),-41.3% (p=0.143),+8.5% (p=0.857)
PRDM1,NK,Blood,(t)-31.4% (p=0.056),*-50.0% (p=0.016),-34.8% (p=0.143),+30.5% (p=0.400)
BCL6,CD8_T,Liver,*+163.1% (p=0.004),+85.8% (p=0.177),+33.0% (p=0.548),-28.4% (p=1.000)
BCL6,B,Blood,*+217.9% (p=0.012),*+402.2% (p=0.019),+63.5% (p=0.549),-67.4% (p=0.114)
JAK1,Myeloid,Liver,+31.2% (p=0.132),*+58.4% (p=0.030),*+54.8% (p=0.048),-2.3% (p=0.786)
JAK1,Myeloid,Blood,*+128.3% (p=0.008),*+135.5% (p=0.016),*+139.3% (p=0.036),+1.6% (p=0.629)
JAK1,CD4_T,Liver,*+36.0% (p=0.041),(t)+30.6% (p=0.082),(t)+29.0% (p=0.095),-1.3% (p=0.786)
JAK1,CD4_T,Blood,(t)+22.3% (p=0.095),*+39.8% (p=0.016),*+42.0% (p=0.036),+1.6% (p=0.857)
JAK1,CD8_T,Liver,+18.4% (p=0.132),+26.7% (p=0.126),*+30.5% (p=0.048),+3.0% (p=0.786)
JAK1,CD8_T,Blood,+26.8% (p=0.548),*+47.4% (p=0.032),*+48.3% (p=0.036),+0.6% (p=1.000)
JAK1,NK,Blood,*+46.9% (p=0.008),*+64.8% (p=0.016),*+51.2% (p=0.036),-8.2% (p=0.629)
JAK1,B,Liver,*+73.1% (p=0.004),*+57.9% (p=0.030),*+66.9% (p=0.048),+5.7% (p=0.786)
JAK1,B,Blood,*+46.6% (p=0.008),(t)+51.3% (p=0.064),*+63.9% (p=0.036),+8.3% (p=0.629)
JAK1,PlasmaB,Liver,*+76.1% (p=0.017),*+168.8% (p=0.017),*+123.5% (p=0.024),-16.9% (p=0.393)
JAK1,PlasmaB,Blood,*+133.7% (p=0.016),+96.8% (p=0.191),(t)+79.9% (p=0.071),-8.6% (p=0.857)
MTOR,Myeloid,Liver,*+327.3% (p=0.034),+50.9% (p=0.842),+276.9% (p=0.281),+149.7% (p=0.266)
MTOR,Myeloid,Blood,*+520.5% (p=0.012),*+608.5% (p=0.019),*+617.2% (p=0.036),+1.2% (p=0.400)
MTOR,CD4_T,Liver,*+154.9% (p=0.009),(t)+84.0% (p=0.052),+57.1% (p=0.381),-14.6% (p=1.000)
MTOR,CD8_T,Blood,+95.5% (p=0.222),*+106.9% (p=0.016),*+130.1% (p=0.036),+11.2% (p=0.400)
MTOR,B,Blood,*+214.2% (p=0.021),+195.6% (p=0.110),*+255.2% (p=0.036),+20.2% (p=0.857)
AIM2,Myeloid,Blood,*+1431.2% (p=0.011),*+1705.3% (p=0.018),*+1359.0% (p=0.033),-19.2% (p=0.629)
AIM2,B,Liver,(t)+114.7% (p=0.052),*+191.6% (p=0.009),*+251.6% (p=0.024),+20.6% (p=1.000)
AIM2,PlasmaB,Blood,(t)+258.0% (p=0.057),(t)+271.6% (p=0.062),*+484.5% (p=0.033),+57.3% (p=0.229)
MEFV,Myeloid,Blood,*+201.1% (p=0.008),+146.2% (p=0.191),*+156.8% (p=0.036),+4.3% (p=0.857)
TYROBP,CD4_T,Liver,-15.6% (p=0.699),*-47.0% (p=0.017),*-48.4% (p=0.048),-2.7% (p=1.000)
TYROBP,CD8_T,Liver,-29.6% (p=0.589),*-73.7% (p=0.017),-65.1% (p=0.167),+32.5% (p=0.571)
TYROBP,B,Liver,+7.1% (p=1.000),-59.8% (p=0.429),(t)-100.0% (p=0.059),*-100.0% (p=0.033)
TYROBP,PlasmaB,Liver,*+237.6% (p=0.009),(t)+205.6% (p=0.082),*+235.8% (p=0.048),+9.9% (p=0.786)
TYROBP,PlasmaB,Blood,*+910.8% (p=0.008),*+774.6% (p=0.016),+170.8% (p=0.393),(t)-69.0% (p=0.057)
FCER1G,B,Liver,+149.3% (p=0.486),(t)+223.9% (p=0.076),-100.0% (p=0.377),*-100.0% (p=0.033)
FCER1G,PlasmaB,Liver,*+219.4% (p=0.017),(t)+213.2% (p=0.052),*+274.5% (p=0.024),+19.6% (p=0.786)
FCER1G,PlasmaB,Blood,*+514.8% (p=0.021),(t)+437.3% (p=0.065),+92.9% (p=0.230),(t)-64.1% (p=0.057)
