Gene,Lineage,Tissue,NL->IT,NL->IA,NL->CR,NL->AR
AICDA,B,Liver,*from_zero p=0.048,from_zero p=0.361,-0% p=1.000,(t)from_zero p=0.052
AICDA,B,Blood,*+4151% p=0.010,*+6347% p=0.015,+907% p=0.696,*+7915% p=0.026
AIM2,PlasmaB,Blood,(t)+258% p=0.057,(t)+272% p=0.062,+204% p=0.127,*+484% p=0.033
AIM2,B,Liver,(t)+115% p=0.052,*+192% p=0.009,*+117% p=0.048,*+252% p=0.024
ANGPT2,B,Blood,(t)from_zero p=0.072,*from_zero p=0.042,(t)from_zero p=0.079,-0% p=1.000
AR,PlasmaB,Blood,*from_zero p=0.007,*from_zero p=0.042,from_zero p=0.302,(t)from_zero p=0.079
ATM,PlasmaB,Liver,-9% p=0.792,-10% p=0.537,-20% p=0.714,*-70% p=0.048
ATP5F1A,PlasmaB,Liver,+16% p=0.429,+35% p=0.177,+26% p=0.381,*+59% p=0.024
ATP5F1B,PlasmaB,Liver,*+47% p=0.030,*+81% p=0.009,*+66% p=0.024,*+97% p=0.024
ATP5F1B,PlasmaB,Blood,*+25% p=0.016,+27% p=0.286,*+22% p=0.036,(t)+28% p=0.071
ATP5F1B,B,Blood,+15% p=0.421,*+25% p=0.032,+21% p=0.143,*+34% p=0.036
BCL2,PlasmaB,Blood,+119% p=0.139,+203% p=0.105,*+374% p=0.033,+246% p=0.127
BCL2,B,Blood,*+84% p=0.008,(t)+85% p=0.064,*+161% p=0.036,+122% p=0.143
BCL6,B,Blood,*+218% p=0.012,*+402% p=0.019,+59% p=0.764,+64% p=0.549
CASP8,PlasmaB,Liver,*+220% p=0.022,*+208% p=0.022,+158% p=0.243,+41% p=0.697
CCND1,B,Liver,+234% p=0.292,(t)+252% p=0.062,+44% p=0.694,*+636% p=0.026
CCND1,B,Blood,*+467% p=0.011,*+997% p=0.018,*+275% p=0.033,*+539% p=0.033
CD19,B,Liver,(t)+55% p=0.082,*+49% p=0.004,*+49% p=0.024,*+58% p=0.024
CD27,B,Liver,*+125% p=0.017,*+114% p=0.030,+46% p=0.714,(t)+163% p=0.095
CD274,PlasmaB,Blood,from_zero p=0.180,*from_zero p=0.042,(t)from_zero p=0.079,from_zero p=0.302
CD274,B,Blood,*+438% p=0.031,+221% p=0.467,+357% p=0.112,+202% p=0.305
CD38,PlasmaB,Liver,-35% p=0.126,(t)-44% p=0.052,*-51% p=0.048,*-59% p=0.048
CD38,PlasmaB,Blood,-32% p=0.222,-26% p=0.413,*-55% p=0.036,+1% p=0.786
CD38,B,Blood,+231% p=0.139,*+425% p=0.018,(t)+315% p=0.067,+150% p=0.222
CD44,B,Blood,*+97% p=0.008,*+115% p=0.016,*+157% p=0.036,*+151% p=0.036
CD69,B,Liver,*-27% p=0.017,(t)-27% p=0.052,*-34% p=0.048,-31% p=0.262
CDK1,B,Blood,*+1073% p=0.045,*+3359% p=0.030,+358% p=0.305,+1901% p=0.172
CDK2,PlasmaB,Blood,(t)+524% p=0.052,*+1574% p=0.030,(t)+752% p=0.057,+376% p=0.305
CDK4,B,Blood,*+109% p=0.016,+74% p=0.191,+34% p=0.786,*+132% p=0.036
CDKN1A,PlasmaB,Liver,*+58% p=0.017,+35% p=0.247,+12% p=0.905,-17% p=0.381
CDKN2A,PlasmaB,Liver,*-62% p=0.017,-38% p=0.177,*-62% p=0.048,*-86% p=0.024
CDKN2A,PlasmaB,Blood,(t)-50% p=0.056,(t)-64% p=0.064,*-77% p=0.036,-40% p=0.250
COX4I1,PlasmaB,Liver,(t)+26% p=0.082,*+49% p=0.009,*+28% p=0.048,*+57% p=0.024
CTLA4,B,Liver,-0% p=1.000,*from_zero p=0.048,-0% p=1.000,-0% p=1.000
DNMT1,PlasmaB,Liver,(t)+162% p=0.082,*+237% p=0.009,*+143% p=0.048,+26% p=0.548
DNMT3A,PlasmaB,Liver,*+749% p=0.012,+317% p=0.104,*+328% p=0.043,*+948% p=0.043
DNMT3A,PlasmaB,Blood,+289% p=0.106,+258% p=0.171,*+613% p=0.033,+66% p=0.359
DNMT3A,B,Blood,(t)+204% p=0.059,(t)+160% p=0.065,*+166% p=0.036,*+204% p=0.036
DNMT3B,PlasmaB,Blood,-0% p=1.000,from_zero p=0.371,*from_zero p=0.017,from_zero p=0.302
EIF4EBP1,PlasmaB,Liver,+84% p=0.329,+134% p=0.143,*+317% p=0.024,+329% p=0.437
EIF4EBP1,B,Blood,*+52% p=0.008,+24% p=0.905,+10% p=1.000,+47% p=0.250
ENTPD1,B,Blood,*+134% p=0.021,(t)+117% p=0.065,+70% p=0.368,(t)+109% p=0.072
EZH2,PlasmaB,Blood,(t)+141% p=0.059,+164% p=0.110,+92% p=0.368,*+326% p=0.036
FCER1G,PlasmaB,Liver,*+219% p=0.017,(t)+213% p=0.052,*+258% p=0.024,*+274% p=0.024
FCER1G,PlasmaB,Blood,*+515% p=0.021,(t)+437% p=0.065,*+379% p=0.036,+93% p=0.230
GLB1,PlasmaB,Liver,*+233% p=0.022,+334% p=0.117,(t)+245% p=0.052,+234% p=0.893
GNLY,PlasmaB,Liver,-100% p=0.223,+222% p=0.908,*+2463% p=0.022,*+11297% p=0.022
GZMB,PlasmaB,Liver,*+298% p=0.009,(t)+232% p=0.052,*+300% p=0.024,*+265% p=0.048
GZMK,B,Blood,-16% p=1.000,+226% p=0.306,*+511% p=0.033,-5% p=1.000
HAVCR2,PlasmaB,Blood,(t)from_zero p=0.072,from_zero p=0.131,*from_zero p=0.017,(t)from_zero p=0.079
HDAC1,PlasmaB,Liver,*+113% p=0.009,*+107% p=0.030,+115% p=0.262,*+139% p=0.024
HDAC1,PlasmaB,Blood,+51% p=0.222,+116% p=0.191,*+138% p=0.036,+52% p=0.250
ID3,B,Blood,+77% p=0.151,*+124% p=0.032,-49% p=0.143,(t)+85% p=0.071
IGFBP7,B,Blood,(t)from_zero p=0.072,from_zero p=0.131,*from_zero p=0.017,(t)from_zero p=0.079
IGHA2,PlasmaB,Liver,*-67% p=0.004,-31% p=0.177,+2% p=0.548,+26% p=1.000
IGHA2,B,Liver,+78% p=0.231,+123% p=0.231,+119% p=0.243,*+322% p=0.028
IGHEP2,B,Blood,-0% p=1.000,-0% p=1.000,*from_zero p=0.017,from_zero p=0.302
IGHG1,PlasmaB,Liver,-1% p=0.931,*-64% p=0.017,-31% p=0.381,-52% p=0.167
IGHG2,PlasmaB,Liver,-50% p=0.126,*-83% p=0.021,-64% p=0.167,*-90% p=0.048
IGHG4,B,Blood,*+488% p=0.020,*+379% p=0.034,+11% p=0.541,*+451% p=0.033
IGHJ2,PlasmaB,Blood,from_zero p=0.424,*from_zero p=0.042,(t)from_zero p=0.079,(t)from_zero p=0.079
IGHJ3,PlasmaB,Blood,(t)from_zero p=0.072,from_zero p=0.371,*from_zero p=0.017,(t)from_zero p=0.079
IGHJ3,B,Blood,+994% p=0.158,(t)+1107% p=0.081,*+746% p=0.026,+999% p=0.305
IGHJ5,PlasmaB,Liver,-3% p=0.583,*-98% p=0.028,-73% p=0.300,-68% p=0.604
IGHJ5,PlasmaB,Blood,+316% p=0.441,+1197% p=0.867,+229% p=0.305,*+2575% p=0.026
IGHJ6,B,Blood,*+271% p=0.035,+42% p=0.798,+95% p=0.359,+114% p=0.359
IGHMBP2,B,Blood,*+167% p=0.036,*+153% p=0.036,+141% p=0.134,(t)+276% p=0.072
IGHV1-17,B,Blood,*+609% p=0.031,+65% p=0.348,+136% p=0.204,+292% p=0.112
IGHV1-18,PlasmaB,Liver,*-90% p=0.044,*-100% p=0.028,-47% p=0.511,-67% p=0.300
IGHV1-69,B,Blood,+126% p=0.204,+256% p=0.262,*+314% p=0.033,-40% p=0.760
IGHV2-70D,B,Blood,*+825% p=0.031,+715% p=0.140,+26% p=0.204,-100% p=0.606
IGHV3-20,PlasmaB,Blood,+1864% p=0.607,+592% p=0.140,*+1539% p=0.026,*+1827% p=0.026
IGHV3-22,B,Blood,*+1573% p=0.018,+727% p=0.140,+321% p=0.112,+614% p=0.172
IGHV3-41,PlasmaB,Blood,from_zero p=0.424,-0% p=1.000,from_zero p=0.302,*from_zero p=0.017
IGHV3-64,PlasmaB,Liver,(t)-99% p=0.091,*-100% p=0.045,-100% p=0.120,-100% p=0.120
IGHV3-64,B,Blood,*+370% p=0.035,+243% p=0.443,(t)+208% p=0.067,+149% p=0.222
IGHV3-64D,PlasmaB,Liver,*-100% p=0.045,(t)-98% p=0.091,-94% p=0.225,-100% p=0.120
IGHV3-7,PlasmaB,Liver,*-80% p=0.035,*-82% p=0.035,*-88% p=0.048,*-99% p=0.028
IGHV3-7,B,Blood,+103% p=0.151,+61% p=0.413,+68% p=0.571,*+144% p=0.036
IGHV4-34,PlasmaB,Liver,-46% p=0.234,(t)-77% p=0.053,-53% p=0.243,*-97% p=0.028
IGHV4-4,PlasmaB,Blood,*-85% p=0.008,*-82% p=0.016,*-93% p=0.036,*-88% p=0.036
IGHV5-51,B,Blood,+34% p=0.548,+44% p=0.286,*+77% p=0.036,+19% p=1.000
IGHV5-78,B,Blood,*+91% p=0.016,+54% p=0.286,+10% p=1.000,+65% p=0.143
IGHV6-1,PlasmaB,Liver,*-95% p=0.008,-38% p=0.410,*-94% p=0.028,(t)-90% p=0.052
IGHV6-1,PlasmaB,Blood,*-87% p=0.008,-53% p=0.111,*-71% p=0.036,(t)-56% p=0.071
IGHV6-1,B,Blood,*+159% p=0.036,+17% p=1.000,+41% p=1.000,+93% p=0.230
IGHVIII-11-1,B,Blood,*+785% p=0.045,+126% p=0.467,+340% p=0.305,+815% p=0.696
IGHVIII-2-1,B,Blood,from_zero p=0.424,from_zero p=0.371,*from_zero p=0.017,from_zero p=0.302
IGKC,PlasmaB,Blood,-30% p=0.222,-36% p=0.286,*-45% p=0.036,-22% p=0.393
IGKV1-13,PlasmaB,Blood,+303% p=0.607,+180% p=0.467,+620% p=0.172,*+864% p=0.026
IGKV1-33,PlasmaB,Blood,from_zero p=0.180,from_zero p=0.131,(t)from_zero p=0.079,*from_zero p=0.017
IGKV1-8,PlasmaB,Blood,from_zero p=0.424,*from_zero p=0.042,(t)from_zero p=0.079,from_zero p=0.302
IGKV1-8,B,Blood,*+370% p=0.020,*+388% p=0.018,*+424% p=0.033,(t)+244% p=0.067
IGKV1D-12,PlasmaB,Liver,-59% p=0.513,*-100% p=0.045,+59% p=0.893,-19% p=0.694
IGKV1D-12,B,Liver,*from_zero p=0.048,*from_zero p=0.048,from_zero p=0.239,from_zero p=0.239
IGKV1D-12,B,Blood,*from_zero p=0.025,*from_zero p=0.042,*from_zero p=0.017,*from_zero p=0.017
IGKV1D-13,PlasmaB,Liver,-27% p=0.645,*-100% p=0.045,+34% p=0.895,-14% p=0.895
IGKV1D-13,PlasmaB,Blood,*from_zero p=0.025,*from_zero p=0.042,*from_zero p=0.017,*from_zero p=0.017
IGKV1D-17,B,Liver,*from_zero p=0.048,from_zero p=0.361,(t)from_zero p=0.052,(t)from_zero p=0.052
IGKV1D-39,PlasmaB,Liver,(t)-73% p=0.100,*-86% p=0.040,-62% p=0.381,-82% p=0.149
IGKV1D-8,PlasmaB,Blood,(t)from_zero p=0.072,*from_zero p=0.042,*from_zero p=0.017,(t)from_zero p=0.079
IGKV1D-8,B,Liver,+551% p=0.353,*+781% p=0.046,*+1256% p=0.016,+253% p=0.596
IGKV1D-8,B,Blood,+124% p=0.142,+189% p=0.171,*+276% p=0.036,*+330% p=0.036
IGKV1OR2-108,B,Blood,(t)+245% p=0.057,+368% p=0.306,+33% p=0.541,*+711% p=0.033
IGKV2-26,B,Liver,+4380% p=0.113,*+2108% p=0.029,+2350% p=0.125,+2044% p=0.596
IGKV2-29,B,Blood,-11% p=0.548,-50% p=0.111,-31% p=0.393,*-58% p=0.036
IGKV2-30,PlasmaB,Liver,*-73% p=0.009,*-92% p=0.007,*-80% p=0.024,*-84% p=0.028
IGKV2D-26,B,Blood,+254% p=0.181,*+764% p=0.030,+212% p=0.204,+323% p=0.112
IGKV2D-30,PlasmaB,Liver,*-73% p=0.017,*-92% p=0.012,*-80% p=0.024,*-88% p=0.028
IGKV2D-30,B,Liver,+199% p=0.104,*+247% p=0.050,+134% p=0.479,+187% p=0.878
IGKV2OR22-3,B,Blood,-0% p=1.000,-0% p=1.000,*from_zero p=0.017,-0% p=1.000
IGKV2OR22-4,B,Blood,from_zero p=0.180,*from_zero p=0.042,*from_zero p=0.017,(t)from_zero p=0.079
IGKV3-20,B,Blood,-2% p=0.421,-12% p=0.413,*-28% p=0.036,-7% p=0.571
IGKV3D-11,PlasmaB,Liver,-41% p=0.519,*-100% p=0.045,+2% p=1.000,-39% p=0.686
IGKV3D-11,B,Liver,+317% p=0.486,*+746% p=0.046,-100% p=0.637,+309% p=0.596
IGKV3D-11,B,Blood,*+195% p=0.035,+295% p=0.105,+201% p=0.222,(t)+339% p=0.067
IGKV3D-20,B,Liver,+91% p=0.916,+206% p=0.151,*+374% p=0.022,+255% p=0.203
IGKV3D-7,B,Liver,from_zero p=0.136,*from_zero p=0.048,-0% p=1.000,from_zero p=0.239
IGKV3OR2-268,B,Blood,from_zero p=0.180,*from_zero p=0.011,*from_zero p=0.017,-0% p=1.000
IGKV6-21,PlasmaB,Blood,from_zero p=0.180,from_zero p=0.371,-0% p=1.000,*from_zero p=0.017
IGKV7-3,B,Blood,*+673% p=0.045,+13% p=0.662,+465% p=0.112,+115% p=0.696
IGLC5,PlasmaB,Blood,*from_zero p=0.025,-0% p=1.000,from_zero p=0.302,from_zero p=0.302
IGLC5,B,Blood,*+1243% p=0.045,(t)+865% p=0.081,(t)+799% p=0.057,*+744% p=0.026
IGLC6,PlasmaB,Blood,from_zero p=0.424,from_zero p=0.371,from_zero p=0.302,*from_zero p=0.017
IGLC6,B,Liver,*from_zero p=0.048,*from_zero p=0.015,*from_zero p=0.009,from_zero p=0.239
IGLC7,B,Liver,+3084% p=0.113,+1711% p=0.113,*+1306% p=0.016,+532% p=0.596
IGLC7,B,Blood,(t)+318% p=0.091,+331% p=0.105,-22% p=0.760,*+325% p=0.033
IGLL5,PlasmaB,Liver,*-58% p=0.030,(t)-51% p=0.052,-49% p=0.167,-52% p=0.167
IGLL5,PlasmaB,Blood,*-51% p=0.032,(t)-52% p=0.064,-51% p=0.143,-5% p=1.000
IGLL5,B,Blood,*+180% p=0.016,+146% p=0.191,*+154% p=0.036,+20% p=1.000
IGLON5,PlasmaB,Liver,*from_zero p=0.048,from_zero p=0.361,(t)from_zero p=0.052,from_zero p=0.239
IGLV1-36,PlasmaB,Blood,from_zero p=0.424,*from_zero p=0.042,from_zero p=0.302,from_zero p=0.302
IGLV1-40,PlasmaB,Blood,(t)from_zero p=0.072,*from_zero p=0.011,(t)from_zero p=0.079,*from_zero p=0.017
IGLV1-50,PlasmaB,Blood,from_zero p=0.180,*from_zero p=0.011,(t)from_zero p=0.079,*from_zero p=0.017
IGLV10-54,PlasmaB,Blood,(t)from_zero p=0.072,*from_zero p=0.042,from_zero p=0.302,from_zero p=0.302
IGLV2-18,B,Blood,+148% p=0.204,+297% p=0.201,*+317% p=0.033,*+689% p=0.033
IGLV2-23,B,Blood,(t)+117% p=0.094,+78% p=0.268,+150% p=0.134,*+328% p=0.036
IGLV2-34,PlasmaB,Blood,-0% p=1.000,*from_zero p=0.042,-0% p=1.000,from_zero p=0.302
IGLV2-5,PlasmaB,Blood,-0% p=1.000,*from_zero p=0.042,from_zero p=0.302,from_zero p=0.302
IGLV3-1,PlasmaB,Liver,*-68% p=0.017,*-86% p=0.008,*-64% p=0.048,*-85% p=0.024
IGLV3-1,PlasmaB,Blood,*-83% p=0.032,-49% p=0.413,-48% p=0.393,-36% p=0.571
IGLV3-19,B,Blood,*+206% p=0.021,*+645% p=0.019,*+205% p=0.036,*+202% p=0.036
IGLV3-27,PlasmaB,Blood,-0% p=1.000,from_zero p=0.131,(t)from_zero p=0.079,*from_zero p=0.017
IGLV3-6,B,Blood,from_zero p=0.180,from_zero p=0.371,*from_zero p=0.017,from_zero p=0.302
IGLV5-45,PlasmaB,Blood,(t)from_zero p=0.072,*from_zero p=0.011,*from_zero p=0.017,*from_zero p=0.017
IKZF2,PlasmaB,Blood,from_zero p=0.180,*from_zero p=0.042,(t)from_zero p=0.079,(t)from_zero p=0.079
IL2RA,PlasmaB,Liver,*from_zero p=0.015,*from_zero p=0.048,from_zero p=0.239,-0% p=1.000
IL2RA,B,Liver,*+533% p=0.008,(t)+143% p=0.082,+185% p=0.517,+245% p=0.243
IL2RA,B,Blood,(t)+171% p=0.059,*+202% p=0.036,+158% p=0.134,*+371% p=0.036
IL7R,PlasmaB,Blood,*+685% p=0.045,+391% p=0.227,(t)+1069% p=0.057,+386% p=0.305
IRF4,PlasmaB,Liver,*+150% p=0.030,*+148% p=0.030,+75% p=0.714,+94% p=0.167
ITGAE,B,Blood,+27% p=0.151,-16% p=0.286,*+75% p=0.036,+6% p=0.786
JAK1,PlasmaB,Liver,*+76% p=0.017,*+169% p=0.017,*+94% p=0.024,*+124% p=0.024
JAK1,PlasmaB,Blood,*+134% p=0.016,+97% p=0.191,*+240% p=0.036,(t)+80% p=0.071
JAK1,B,Liver,*+73% p=0.004,*+58% p=0.030,(t)+45% p=0.095,*+67% p=0.048
JAK1,B,Blood,*+47% p=0.008,(t)+51% p=0.064,*+82% p=0.036,*+64% p=0.036
JAK3,PlasmaB,Blood,*+477% p=0.011,*+805% p=0.034,(t)+733% p=0.067,+342% p=0.127
JAK3,B,Blood,(t)+100% p=0.095,+113% p=0.111,*+101% p=0.036,*+112% p=0.036
JCHAIN,PlasmaB,Liver,*-27% p=0.017,(t)-25% p=0.082,-15% p=0.381,-6% p=0.714
JCHAIN,B,Liver,(t)+56% p=0.082,+50% p=0.126,*+111% p=0.048,*+169% p=0.024
JCHAIN,B,Blood,*+111% p=0.016,(t)+90% p=0.064,+107% p=0.143,*+156% p=0.036
KDM6A,PlasmaB,Blood,(t)+170% p=0.094,+40% p=0.533,*+221% p=0.036,+3% p=0.764
LAYN,B,Liver,-0% p=1.000,*from_zero p=0.048,-0% p=1.000,-0% p=1.000
LEF1,B,Liver,from_zero p=0.136,*from_zero p=0.004,(t)from_zero p=0.052,(t)from_zero p=0.052
LEF1,B,Blood,+460% p=0.239,*+746% p=0.015,*+1071% p=0.026,(t)+768% p=0.057
LGALS9,PlasmaB,Liver,+458% p=0.135,+253% p=0.135,*+399% p=0.049,+94% p=0.590
MEFV,B,Blood,from_zero p=0.424,from_zero p=0.371,*from_zero p=0.017,-0% p=1.000
MKI67,B,Liver,from_zero p=0.136,*from_zero p=0.048,-0% p=1.000,-0% p=1.000
MT-CO1,PlasmaB,Liver,+14% p=0.126,*+27% p=0.017,+13% p=0.167,+21% p=0.167
MT-CYB,PlasmaB,Liver,*+26% p=0.009,*+39% p=0.004,*+28% p=0.024,*+33% p=0.024
MT-CYB,PlasmaB,Blood,+13% p=0.151,+11% p=0.286,(t)+16% p=0.071,*+18% p=0.036
MT-ND1,PlasmaB,Liver,*+40% p=0.004,*+47% p=0.004,*+39% p=0.024,*+32% p=0.024
MT-ND1,PlasmaB,Blood,(t)+26% p=0.095,+18% p=0.286,*+33% p=0.036,*+24% p=0.036
MT-ND1,B,Blood,*+25% p=0.008,(t)+17% p=0.064,*+28% p=0.036,*+26% p=0.036
MT-ND2,PlasmaB,Liver,*+56% p=0.017,*+52% p=0.030,*+51% p=0.048,*+36% p=0.048
MT-ND2,PlasmaB,Blood,*+74% p=0.008,*+54% p=0.032,*+55% p=0.036,+35% p=0.143
MT-ND2,B,Blood,*+14% p=0.032,-0% p=1.000,+7% p=0.143,+7% p=0.250
MTOR,B,Blood,*+214% p=0.021,+196% p=0.110,*+233% p=0.036,*+255% p=0.036
MYB,PlasmaB,Liver,(t)+354% p=0.053,+312% p=0.389,*+612% p=0.049,(t)+601% p=0.088
MYC,PlasmaB,Liver,(t)-67% p=0.055,-42% p=0.177,*-85% p=0.024,-64% p=0.167
NDUFA1,PlasmaB,Liver,(t)+28% p=0.052,(t)+34% p=0.082,*+40% p=0.024,*+50% p=0.024
NDUFA1,PlasmaB,Blood,-1% p=0.548,-17% p=0.111,*-30% p=0.036,-10% p=0.250
NDUFA1,B,Liver,*+33% p=0.030,+9% p=0.662,*+44% p=0.048,*+38% p=0.048
NDUFB1,PlasmaB,Blood,-15% p=0.222,*-40% p=0.016,*-74% p=0.036,(t)-45% p=0.071
NLRP3,PlasmaB,Liver,*from_zero p=0.048,-0% p=1.000,-0% p=1.000,-0% p=1.000
NLRP3,B,Blood,(t)from_zero p=0.072,from_zero p=0.371,*from_zero p=0.017,(t)from_zero p=0.079
NRP1,PlasmaB,Liver,*+761% p=0.017,*+904% p=0.017,(t)+569% p=0.066,*+893% p=0.016
PAX5,PlasmaB,Blood,from_zero p=0.180,from_zero p=0.131,*from_zero p=0.017,(t)from_zero p=0.079
PCNA,B,Liver,(t)+97% p=0.100,*+130% p=0.017,+94% p=0.262,(t)+98% p=0.095
PECAM1,PlasmaB,Liver,*+68% p=0.017,+6% p=0.792,+40% p=0.262,+29% p=0.548
PECAM1,B,Blood,*+125% p=0.016,+92% p=0.111,*+212% p=0.036,*+92% p=0.036
PINK1,B,Blood,*+291% p=0.021,*+338% p=0.019,*+294% p=0.036,(t)+251% p=0.072
PRKN,B,Blood,+60% p=0.209,+88% p=0.902,*+254% p=0.036,*+208% p=0.036
PYCARD,PlasmaB,Liver,*+164% p=0.004,*+219% p=0.004,*+240% p=0.024,*+326% p=0.024
PYCARD,PlasmaB,Blood,*+138% p=0.008,+116% p=0.191,*+67% p=0.036,*+102% p=0.036
PYCARD,B,Blood,*+77% p=0.016,+47% p=0.286,+5% p=1.000,*+118% p=0.036
RB1,PlasmaB,Liver,-13% p=0.537,*+71% p=0.030,+6% p=0.714,-60% p=0.167
RB1,B,Liver,*+100% p=0.004,+32% p=0.429,+60% p=0.167,+42% p=0.548
RB1,B,Blood,*+73% p=0.032,+66% p=0.191,*+113% p=0.036,+67% p=0.143
RICTOR,B,Blood,*+63% p=0.008,*+59% p=0.016,*+120% p=0.036,*+60% p=0.036
RPTOR,PlasmaB,Blood,*from_zero p=0.025,*from_zero p=0.011,*from_zero p=0.017,*from_zero p=0.017
RPTOR,B,Liver,+296% p=0.262,*+229% p=0.021,*+241% p=0.049,(t)+231% p=0.088
RPTOR,B,Blood,+55% p=0.309,+69% p=0.413,*+184% p=0.036,+132% p=0.143
SDC1,PlasmaB,Liver,-18% p=0.537,*-90% p=0.013,-38% p=0.548,*-83% p=0.048
SDHB,PlasmaB,Liver,+73% p=0.126,*+99% p=0.030,*+118% p=0.048,*+247% p=0.024
SDHB,B,Liver,+30% p=0.537,*+88% p=0.017,(t)+88% p=0.095,(t)+72% p=0.095
SELL,PlasmaB,Liver,*+248% p=0.017,*+276% p=0.017,*+266% p=0.024,*+322% p=0.024
SELL,B,Blood,(t)+36% p=0.095,*+43% p=0.032,*+45% p=0.036,(t)+50% p=0.071
SIRT3,B,Blood,(t)+83% p=0.094,(t)+134% p=0.065,*+166% p=0.036,*+136% p=0.036
SNAI1,PlasmaB,Liver,*+6866% p=0.044,+5617% p=0.597,+1801% p=0.878,-100% p=0.377
STAT5B,PlasmaB,Blood,(t)+350% p=0.052,*+540% p=0.030,+310% p=0.112,+380% p=0.112
STAT5B,B,Liver,+23% p=0.513,+155% p=0.120,+38% p=0.517,*+198% p=0.028
TCF7,B,Liver,+18% p=0.774,*+327% p=0.034,+131% p=0.237,(t)+289% p=0.088
TCF7,B,Blood,*+232% p=0.036,+374% p=0.171,(t)+186% p=0.072,*+366% p=0.036
TET2,B,Liver,*+422% p=0.008,*+209% p=0.035,(t)+236% p=0.092,+128% p=0.154
TFAM,B,Blood,(t)+97% p=0.056,*+111% p=0.016,*+113% p=0.036,*+116% p=0.036
TGFB1,PlasmaB,Blood,*+198% p=0.016,*+216% p=0.016,+78% p=0.250,+96% p=0.143
TGFBR1,PlasmaB,Blood,*+1216% p=0.045,(t)+1635% p=0.081,*+1204% p=0.026,*+798% p=0.026
TGFBR2,PlasmaB,Blood,*+1706% p=0.010,*+1312% p=0.030,*+1930% p=0.026,(t)+579% p=0.057
TGFBR2,B,Blood,(t)+60% p=0.056,*+68% p=0.032,*+118% p=0.036,*+69% p=0.036
TIGIT,PlasmaB,Blood,(t)from_zero p=0.072,from_zero p=0.131,*from_zero p=0.017,*from_zero p=0.017
TIGIT,B,Liver,+367% p=0.169,*+1438% p=0.029,(t)+651% p=0.066,+856% p=0.220
TOX,B,Liver,+94% p=0.311,*+244% p=0.035,+62% p=0.511,+161% p=0.154
TOX2,B,Blood,*+689% p=0.031,(t)+256% p=0.096,-36% p=0.494,(t)+567% p=0.057
TP53,PlasmaB,Liver,*+380% p=0.008,+252% p=0.117,+199% p=0.358,+213% p=0.358
TYROBP,PlasmaB,Liver,*+238% p=0.009,(t)+206% p=0.082,*+182% p=0.024,*+236% p=0.048
TYROBP,PlasmaB,Blood,*+911% p=0.008,*+775% p=0.016,*+620% p=0.036,+171% p=0.393
TYROBP,B,Blood,+403% p=1.000,(t)+276% p=0.065,*+598% p=0.036,+168% p=0.230
UQCRC1,B,Blood,+48% p=0.222,(t)+51% p=0.064,+15% p=1.000,*+71% p=0.036
VEGFA,PlasmaB,Liver,*-93% p=0.028,(t)-90% p=0.062,(t)-100% p=0.059,(t)-100% p=0.059
VEGFB,PlasmaB,Blood,*+970% p=0.011,(t)+538% p=0.062,*+557% p=0.033,+286% p=0.127
VIM,PlasmaB,Liver,*+47% p=0.009,*+49% p=0.004,+41% p=0.167,*+39% p=0.024
VIM,PlasmaB,Blood,*+28% p=0.008,+20% p=0.286,*+20% p=0.036,*+33% p=0.036
VIM,B,Blood,(t)+29% p=0.056,(t)+32% p=0.064,+10% p=0.786,*+59% p=0.036
