tissue,lineage,pathway,comparison,stage1,stage2,mean_s1,mean_s2,pct_change,direction,p_value,sig,consistency,n_s1,n_s2
Liver,Myeloid,angiogenesis,NL→IT,NL,IT,0.058867,0.021536,-63.4,↓,0.082251,†,25/30,6,5
Liver,Myeloid,angiogenesis,NL→IA,NL,IA,0.058867,0.008782,-85.1,↓,0.035344,*,27/30,6,5
Liver,Myeloid,angiogenesis,NL→AR,NL,AR,0.058867,0.0272,-53.8,↓,0.261905,NS,14/18,6,3
Liver,Myeloid,angiogenesis,NL→CR,NL,CR,0.058867,0.015946,-72.9,↓,0.095238,†,16/18,6,3
Liver,Myeloid,angiogenesis,IT→IA,IT,IA,0.021536,0.008782,-59.2,↓,0.090688,†,20/25,5,5
Liver,Myeloid,angiogenesis,IA→AR,IA,AR,0.008782,0.0272,209.7,↑,0.359397,NS,10/15,5,3
Liver,Myeloid,angiogenesis,CR→AR,CR,AR,0.015946,0.0272,70.6,↑,0.7,NS,6/9,3,3
Liver,CD4_T,angiogenesis,NL→IT,NL,IT,0.016291,0.010828,-33.5,↓,0.132035,NS,28/36,6,6
Liver,CD4_T,angiogenesis,NL→IA,NL,IA,0.016291,0.007337,-55.0,↓,0.008658,**,29/30,6,5
Liver,CD4_T,angiogenesis,NL→AR,NL,AR,0.016291,0.010221,-37.3,↓,0.380952,NS,13/18,6,3
Liver,CD4_T,angiogenesis,NL→CR,NL,CR,0.016291,0.008879,-45.5,↓,0.095238,†,16/18,6,3
Liver,CD4_T,angiogenesis,IT→IA,IT,IA,0.010828,0.007337,-32.2,↓,0.177489,NS,23/30,6,5
Liver,CD4_T,angiogenesis,IA→AR,IA,AR,0.007337,0.010221,39.3,↑,0.571429,NS,10/15,5,3
Liver,CD4_T,angiogenesis,CR→AR,CR,AR,0.008879,0.010221,15.1,↑,1.0,NS,5/9,3,3
Liver,CD8_T,angiogenesis,NL→IT,NL,IT,0.014166,0.011055,-22.0,↓,0.179654,NS,27/36,6,6
Liver,CD8_T,angiogenesis,NL→IA,NL,IA,0.014166,0.007245,-48.9,↓,0.004329,**,30/30,6,5
Liver,CD8_T,angiogenesis,NL→AR,NL,AR,0.014166,0.009045,-36.2,↓,0.095238,†,16/18,6,3
Liver,CD8_T,angiogenesis,NL→CR,NL,CR,0.014166,0.009379,-33.8,↓,0.166667,NS,15/18,6,3
Liver,CD8_T,angiogenesis,IT→IA,IT,IA,0.011055,0.007245,-34.5,↓,0.177489,NS,23/30,6,5
Liver,CD8_T,angiogenesis,IA→AR,IA,AR,0.007245,0.009045,24.8,↑,0.25,NS,12/15,5,3
Liver,CD8_T,angiogenesis,CR→AR,CR,AR,0.009379,0.009045,-3.6,↓,1.0,NS,5/9,3,3
Liver,NK,angiogenesis,NL→IT,NL,IT,0.012662,0.009285,-26.7,↓,0.177489,NS,23/30,6,5
Liver,NK,angiogenesis,NL→IA,NL,IA,0.012662,0.006149,-51.4,↓,0.017316,*,28/30,6,5
Liver,NK,angiogenesis,NL→AR,NL,AR,0.012662,0.00951,-24.9,↓,0.547619,NS,12/18,6,3
Liver,NK,angiogenesis,NL→CR,NL,CR,0.012662,0.010061,-20.5,↓,0.380952,NS,13/18,6,3
Liver,NK,angiogenesis,IT→IA,IT,IA,0.009285,0.006149,-33.8,↓,0.222222,NS,19/25,5,5
Liver,NK,angiogenesis,IA→AR,IA,AR,0.006149,0.00951,54.6,↑,0.392857,NS,11/15,5,3
Liver,NK,angiogenesis,CR→AR,CR,AR,0.010061,0.00951,-5.5,↓,1.0,NS,4/9,3,3
Liver,B,angiogenesis,NL→IT,NL,IT,0.027169,0.027527,1.3,↑,0.536797,NS,11/30,6,5
Liver,B,angiogenesis,NL→IA,NL,IA,0.027169,0.016034,-41.0,↓,0.051948,†,26/30,6,5
Liver,B,angiogenesis,NL→AR,NL,AR,0.027169,0.023277,-14.3,↓,0.547619,NS,12/18,6,3
Liver,B,angiogenesis,NL→CR,NL,CR,0.027169,0.017574,-35.3,↓,0.166667,NS,15/18,6,3
Liver,B,angiogenesis,IT→IA,IT,IA,0.027527,0.016034,-41.8,↓,0.547619,NS,16/25,5,5
Liver,B,angiogenesis,IA→AR,IA,AR,0.016034,0.023277,45.2,↑,0.785714,NS,6/15,5,3
Liver,B,angiogenesis,CR→AR,CR,AR,0.017574,0.023277,32.5,↑,0.7,NS,3/9,3,3
Liver,PlasmaB,angiogenesis,NL→IT,NL,IT,0.006205,0.01263,103.5,↑,1.0,NS,13/30,6,5
Liver,PlasmaB,angiogenesis,NL→IA,NL,IA,0.006205,0.017489,181.8,↑,0.513081,NS,17/30,6,5
Liver,PlasmaB,angiogenesis,NL→AR,NL,AR,0.006205,0.014041,126.3,↑,0.131296,NS,11/12,6,2
Liver,PlasmaB,angiogenesis,NL→CR,NL,CR,0.006205,0.007995,28.8,↑,0.895533,NS,9/18,6,3
Liver,PlasmaB,angiogenesis,IT→IA,IT,IA,0.01263,0.017489,38.5,↑,1.0,NS,11/25,5,5
Liver,PlasmaB,angiogenesis,IA→AR,IA,AR,0.017489,0.014041,-19.7,↓,1.0,NS,5/10,5,2
Liver,PlasmaB,angiogenesis,CR→AR,CR,AR,0.007995,0.014041,75.6,↑,0.4,NS,5/6,3,2
Liver,Myeloid,antigen_presentation,NL→IT,NL,IT,0.549007,0.744429,35.6,↑,0.004329,**,30/30,6,5
Liver,Myeloid,antigen_presentation,NL→IA,NL,IA,0.549007,0.638968,16.4,↑,0.246753,NS,22/30,6,5
Liver,Myeloid,antigen_presentation,NL→AR,NL,AR,0.549007,0.76509,39.4,↑,0.02381,*,18/18,6,3
Liver,Myeloid,antigen_presentation,NL→CR,NL,CR,0.549007,0.721465,31.4,↑,0.02381,*,18/18,6,3
Liver,Myeloid,antigen_presentation,IT→IA,IT,IA,0.744429,0.638968,-14.2,↓,0.547619,NS,16/25,5,5
Liver,Myeloid,antigen_presentation,IA→AR,IA,AR,0.638968,0.76509,19.7,↑,0.392857,NS,11/15,5,3
Liver,Myeloid,antigen_presentation,CR→AR,CR,AR,0.721465,0.76509,6.0,↑,0.7,NS,6/9,3,3
Liver,CD4_T,antigen_presentation,NL→IT,NL,IT,0.259954,0.339532,30.6,↑,0.015152,*,33/36,6,6
Liver,CD4_T,antigen_presentation,NL→IA,NL,IA,0.259954,0.306017,17.7,↑,0.177489,NS,23/30,6,5
Liver,CD4_T,antigen_presentation,NL→AR,NL,AR,0.259954,0.346266,33.2,↑,0.095238,†,16/18,6,3
Liver,CD4_T,antigen_presentation,NL→CR,NL,CR,0.259954,0.341494,31.4,↑,0.095238,†,16/18,6,3
Liver,CD4_T,antigen_presentation,IT→IA,IT,IA,0.339532,0.306017,-9.9,↓,0.329004,NS,21/30,6,5
Liver,CD4_T,antigen_presentation,IA→AR,IA,AR,0.306017,0.346266,13.2,↑,0.25,NS,12/15,5,3
Liver,CD4_T,antigen_presentation,CR→AR,CR,AR,0.341494,0.346266,1.4,↑,1.0,NS,4/9,3,3
Liver,CD8_T,antigen_presentation,NL→IT,NL,IT,0.305388,0.392296,28.5,↑,0.179654,NS,27/36,6,6
Liver,CD8_T,antigen_presentation,NL→IA,NL,IA,0.305388,0.414049,35.6,↑,0.051948,†,26/30,6,5
Liver,CD8_T,antigen_presentation,NL→AR,NL,AR,0.305388,0.458342,50.1,↑,0.095238,†,16/18,6,3
Liver,CD8_T,antigen_presentation,NL→CR,NL,CR,0.305388,0.431791,41.4,↑,0.166667,NS,15/18,6,3
Liver,CD8_T,antigen_presentation,IT→IA,IT,IA,0.392296,0.414049,5.5,↑,0.428571,NS,20/30,6,5
Liver,CD8_T,antigen_presentation,IA→AR,IA,AR,0.414049,0.458342,10.7,↑,0.785714,NS,9/15,5,3
Liver,CD8_T,antigen_presentation,CR→AR,CR,AR,0.431791,0.458342,6.1,↑,1.0,NS,5/9,3,3
Liver,NK,antigen_presentation,NL→IT,NL,IT,0.320976,0.340365,6.0,↑,0.792208,NS,17/30,6,5
Liver,NK,antigen_presentation,NL→IA,NL,IA,0.320976,0.335719,4.6,↑,0.930736,NS,16/30,6,5
Liver,NK,antigen_presentation,NL→AR,NL,AR,0.320976,0.339533,5.8,↑,0.714286,NS,11/18,6,3
Liver,NK,antigen_presentation,NL→CR,NL,CR,0.320976,0.341077,6.3,↑,0.904762,NS,10/18,6,3
Liver,NK,antigen_presentation,IT→IA,IT,IA,0.340365,0.335719,-1.4,↓,1.0,NS,13/25,5,5
Liver,NK,antigen_presentation,IA→AR,IA,AR,0.335719,0.339533,1.1,↑,1.0,NS,8/15,5,3
Liver,NK,antigen_presentation,CR→AR,CR,AR,0.341077,0.339533,-0.5,↓,1.0,NS,4/9,3,3
Liver,B,antigen_presentation,NL→IT,NL,IT,0.711002,0.773795,8.8,↑,0.004329,**,30/30,6,5
Liver,B,antigen_presentation,NL→IA,NL,IA,0.711002,0.747233,5.1,↑,0.329004,NS,21/30,6,5
Liver,B,antigen_presentation,NL→AR,NL,AR,0.711002,0.758378,6.7,↑,0.380952,NS,13/18,6,3
Liver,B,antigen_presentation,NL→CR,NL,CR,0.711002,0.763961,7.4,↑,0.261905,NS,14/18,6,3
Liver,B,antigen_presentation,IT→IA,IT,IA,0.773795,0.747233,-3.4,↓,0.015873,*,24/25,5,5
Liver,B,antigen_presentation,IA→AR,IA,AR,0.747233,0.758378,1.5,↑,0.785714,NS,9/15,5,3
Liver,B,antigen_presentation,CR→AR,CR,AR,0.763961,0.758378,-0.7,↓,0.7,NS,6/9,3,3
Liver,PlasmaB,antigen_presentation,NL→IT,NL,IT,0.311395,0.560538,80.0,↑,0.017316,*,28/30,6,5
Liver,PlasmaB,antigen_presentation,NL→IA,NL,IA,0.311395,0.635745,104.2,↑,0.004329,**,30/30,6,5
Liver,PlasmaB,antigen_presentation,NL→AR,NL,AR,0.311395,0.764929,145.6,↑,0.071429,†,12/12,6,2
Liver,PlasmaB,antigen_presentation,NL→CR,NL,CR,0.311395,0.523526,68.1,↑,0.02381,*,18/18,6,3
Liver,PlasmaB,antigen_presentation,IT→IA,IT,IA,0.560538,0.635745,13.4,↑,0.690476,NS,15/25,5,5
Liver,PlasmaB,antigen_presentation,IA→AR,IA,AR,0.635745,0.764929,20.3,↑,0.380952,NS,8/10,5,2
Liver,PlasmaB,antigen_presentation,CR→AR,CR,AR,0.523526,0.764929,46.1,↑,0.2,NS,6/6,3,2
Liver,Myeloid,apoptosis,NL→IT,NL,IT,0.06701,0.05222,-22.1,↓,0.246753,NS,22/30,6,5
Liver,Myeloid,apoptosis,NL→IA,NL,IA,0.06701,0.063277,-5.6,↓,0.662338,NS,18/30,6,5
Liver,Myeloid,apoptosis,NL→AR,NL,AR,0.06701,0.034918,-47.9,↓,0.261905,NS,14/18,6,3
Liver,Myeloid,apoptosis,NL→CR,NL,CR,0.06701,0.062794,-6.3,↓,0.904762,NS,10/18,6,3
Liver,Myeloid,apoptosis,IT→IA,IT,IA,0.05222,0.063277,21.2,↑,0.420635,NS,17/25,5,5
Liver,Myeloid,apoptosis,IA→AR,IA,AR,0.063277,0.034918,-44.8,↓,0.25,NS,12/15,5,3
Liver,Myeloid,apoptosis,CR→AR,CR,AR,0.062794,0.034918,-44.4,↓,0.2,NS,8/9,3,3
Liver,CD4_T,apoptosis,NL→IT,NL,IT,0.107156,0.082171,-23.3,↓,0.132035,NS,28/36,6,6
Liver,CD4_T,apoptosis,NL→IA,NL,IA,0.107156,0.101431,-5.3,↓,0.329004,NS,21/30,6,5
Liver,CD4_T,apoptosis,NL→AR,NL,AR,0.107156,0.093604,-12.6,↓,0.380952,NS,13/18,6,3
Liver,CD4_T,apoptosis,NL→CR,NL,CR,0.107156,0.096533,-9.9,↓,0.547619,NS,12/18,6,3
Liver,CD4_T,apoptosis,IT→IA,IT,IA,0.082171,0.101431,23.4,↑,0.662338,NS,18/30,6,5
Liver,CD4_T,apoptosis,IA→AR,IA,AR,0.101431,0.093604,-7.7,↓,0.785714,NS,9/15,5,3
Liver,CD4_T,apoptosis,CR→AR,CR,AR,0.096533,0.093604,-3.0,↓,1.0,NS,5/9,3,3
Liver,CD8_T,apoptosis,NL→IT,NL,IT,0.099309,0.090398,-9.0,↓,0.179654,NS,27/36,6,6
Liver,CD8_T,apoptosis,NL→IA,NL,IA,0.099309,0.098141,-1.2,↓,0.536797,NS,19/30,6,5
Liver,CD8_T,apoptosis,NL→AR,NL,AR,0.099309,0.092885,-6.5,↓,0.547619,NS,12/18,6,3
Liver,CD8_T,apoptosis,NL→CR,NL,CR,0.099309,0.090659,-8.7,↓,0.547619,NS,12/18,6,3
Liver,CD8_T,apoptosis,IT→IA,IT,IA,0.090398,0.098141,8.6,↑,0.930736,NS,16/30,6,5
Liver,CD8_T,apoptosis,IA→AR,IA,AR,0.098141,0.092885,-5.4,↓,1.0,NS,7/15,5,3
Liver,CD8_T,apoptosis,CR→AR,CR,AR,0.090659,0.092885,2.5,↑,1.0,NS,5/9,3,3
Liver,NK,apoptosis,NL→IT,NL,IT,0.091934,0.0869,-5.5,↓,0.428571,NS,20/30,6,5
Liver,NK,apoptosis,NL→IA,NL,IA,0.091934,0.090708,-1.3,↓,0.792208,NS,17/30,6,5
Liver,NK,apoptosis,NL→AR,NL,AR,0.091934,0.091782,-0.2,↓,1.0,NS,9/18,6,3
Liver,NK,apoptosis,NL→CR,NL,CR,0.091934,0.088182,-4.1,↓,0.904762,NS,10/18,6,3
Liver,NK,apoptosis,IT→IA,IT,IA,0.0869,0.090708,4.4,↑,1.0,NS,13/25,5,5
Liver,NK,apoptosis,IA→AR,IA,AR,0.090708,0.091782,1.2,↑,0.571429,NS,10/15,5,3
Liver,NK,apoptosis,CR→AR,CR,AR,0.088182,0.091782,4.1,↑,1.0,NS,5/9,3,3
Liver,B,apoptosis,NL→IT,NL,IT,0.070656,0.09306,31.7,↑,0.536797,NS,19/30,6,5
Liver,B,apoptosis,NL→IA,NL,IA,0.070656,0.065725,-7.0,↓,0.428571,NS,20/30,6,5
Liver,B,apoptosis,NL→AR,NL,AR,0.070656,0.077802,10.1,↑,1.0,NS,9/18,6,3
Liver,B,apoptosis,NL→CR,NL,CR,0.070656,0.066641,-5.7,↓,0.547619,NS,12/18,6,3
Liver,B,apoptosis,IT→IA,IT,IA,0.09306,0.065725,-29.4,↓,0.095238,†,21/25,5,5
Liver,B,apoptosis,IA→AR,IA,AR,0.065725,0.077802,18.4,↑,0.785714,NS,9/15,5,3
Liver,B,apoptosis,CR→AR,CR,AR,0.066641,0.077802,16.7,↑,0.7,NS,6/9,3,3
Liver,PlasmaB,apoptosis,NL→IT,NL,IT,0.104379,0.056055,-46.3,↓,0.082251,†,25/30,6,5
Liver,PlasmaB,apoptosis,NL→IA,NL,IA,0.104379,0.097717,-6.4,↓,0.536797,NS,19/30,6,5
Liver,PlasmaB,apoptosis,NL→AR,NL,AR,0.104379,0.058766,-43.7,↓,0.285714,NS,10/12,6,2
Liver,PlasmaB,apoptosis,NL→CR,NL,CR,0.104379,0.073588,-29.5,↓,0.714286,NS,11/18,6,3
Liver,PlasmaB,apoptosis,IT→IA,IT,IA,0.056055,0.097717,74.3,↑,0.055556,†,22/25,5,5
Liver,PlasmaB,apoptosis,IA→AR,IA,AR,0.097717,0.058766,-39.9,↓,0.380952,NS,8/10,5,2
Liver,PlasmaB,apoptosis,CR→AR,CR,AR,0.073588,0.058766,-20.1,↓,0.8,NS,4/6,3,2
Liver,Myeloid,cancer_associated,NL→IT,NL,IT,0.043878,0.04202,-4.2,↓,0.792208,NS,17/30,6,5
Liver,Myeloid,cancer_associated,NL→IA,NL,IA,0.043878,0.015486,-64.7,↓,0.125541,NS,24/30,6,5
Liver,Myeloid,cancer_associated,NL→AR,NL,AR,0.043878,0.032065,-26.9,↓,0.714286,NS,11/18,6,3
Liver,Myeloid,cancer_associated,NL→CR,NL,CR,0.043878,0.022241,-49.3,↓,0.380952,NS,13/18,6,3
Liver,Myeloid,cancer_associated,IT→IA,IT,IA,0.04202,0.015486,-63.1,↓,0.095238,†,21/25,5,5
Liver,Myeloid,cancer_associated,IA→AR,IA,AR,0.015486,0.032065,107.1,↑,0.453356,NS,10/15,5,3
Liver,Myeloid,cancer_associated,CR→AR,CR,AR,0.022241,0.032065,44.2,↑,0.7,NS,6/9,3,3
Liver,CD4_T,cancer_associated,NL→IT,NL,IT,0.008282,0.007599,-8.3,↓,1.0,NS,18/36,6,6
Liver,CD4_T,cancer_associated,NL→IA,NL,IA,0.008282,0.010976,32.5,↑,0.662338,NS,18/30,6,5
Liver,CD4_T,cancer_associated,NL→AR,NL,AR,0.008282,0.006544,-21.0,↓,0.166667,NS,15/18,6,3
Liver,CD4_T,cancer_associated,NL→CR,NL,CR,0.008282,0.008396,1.4,↑,0.904762,NS,8/18,6,3
Liver,CD4_T,cancer_associated,IT→IA,IT,IA,0.007599,0.010976,44.4,↑,0.536797,NS,19/30,6,5
Liver,CD4_T,cancer_associated,IA→AR,IA,AR,0.010976,0.006544,-40.4,↓,0.142857,NS,13/15,5,3
Liver,CD4_T,cancer_associated,CR→AR,CR,AR,0.008396,0.006544,-22.1,↓,0.1,NS,9/9,3,3
Liver,CD8_T,cancer_associated,NL→IT,NL,IT,0.008593,0.011268,31.1,↑,0.937229,NS,17/36,6,6
Liver,CD8_T,cancer_associated,NL→IA,NL,IA,0.008593,0.01179,37.2,↑,0.930736,NS,14/30,6,5
Liver,CD8_T,cancer_associated,NL→AR,NL,AR,0.008593,0.006135,-28.6,↓,0.095238,†,16/18,6,3
Liver,CD8_T,cancer_associated,NL→CR,NL,CR,0.008593,0.006583,-23.4,↓,0.261905,NS,14/18,6,3
Liver,CD8_T,cancer_associated,IT→IA,IT,IA,0.011268,0.01179,4.6,↑,1.0,NS,15/30,6,5
Liver,CD8_T,cancer_associated,IA→AR,IA,AR,0.01179,0.006135,-48.0,↓,0.25,NS,12/15,5,3
Liver,CD8_T,cancer_associated,CR→AR,CR,AR,0.006583,0.006135,-6.8,↓,1.0,NS,5/9,3,3
Liver,NK,cancer_associated,NL→IT,NL,IT,0.009812,0.01572,60.2,↑,0.177489,NS,23/30,6,5
Liver,NK,cancer_associated,NL→IA,NL,IA,0.009812,0.012647,28.9,↑,0.329004,NS,21/30,6,5
Liver,NK,cancer_associated,NL→AR,NL,AR,0.009812,0.006464,-34.1,↓,0.547619,NS,12/18,6,3
Liver,NK,cancer_associated,NL→CR,NL,CR,0.009812,0.01661,69.3,↑,0.261905,NS,14/18,6,3
Liver,NK,cancer_associated,IT→IA,IT,IA,0.01572,0.012647,-19.5,↓,0.84127,NS,14/25,5,5
Liver,NK,cancer_associated,IA→AR,IA,AR,0.012647,0.006464,-48.9,↓,0.25,NS,12/15,5,3
Liver,NK,cancer_associated,CR→AR,CR,AR,0.01661,0.006464,-61.1,↓,0.4,NS,7/9,3,3
Liver,B,cancer_associated,NL→IT,NL,IT,0.017489,0.01391,-20.5,↓,1.0,NS,15/30,6,5
Liver,B,cancer_associated,NL→IA,NL,IA,0.017489,0.014037,-19.7,↓,1.0,NS,15/30,6,5
Liver,B,cancer_associated,NL→AR,NL,AR,0.017489,0.006762,-61.3,↓,0.261905,NS,14/18,6,3
Liver,B,cancer_associated,NL→CR,NL,CR,0.017489,0.016959,-3.0,↓,1.0,NS,9/18,6,3
Liver,B,cancer_associated,IT→IA,IT,IA,0.01391,0.014037,0.9,↑,0.690476,NS,10/25,5,5
Liver,B,cancer_associated,IA→AR,IA,AR,0.014037,0.006762,-51.8,↓,0.071429,†,14/15,5,3
Liver,B,cancer_associated,CR→AR,CR,AR,0.016959,0.006762,-60.1,↓,0.4,NS,7/9,3,3
Liver,PlasmaB,cancer_associated,NL→IT,NL,IT,0.020049,0.005238,-73.9,↓,0.092601,†,23/30,6,5
Liver,PlasmaB,cancer_associated,NL→IA,NL,IA,0.020049,0.019669,-1.9,↓,0.854805,NS,16/30,6,5
Liver,PlasmaB,cancer_associated,NL→AR,NL,AR,0.020049,0.000668,-96.7,↓,0.17981,NS,10/12,6,2
Liver,PlasmaB,cancer_associated,NL→CR,NL,CR,0.020049,0.001666,-91.7,↓,0.119782,NS,15/18,6,3
Liver,PlasmaB,cancer_associated,IT→IA,IT,IA,0.005238,0.019669,275.5,↑,0.161238,NS,18/25,5,5
Liver,PlasmaB,cancer_associated,IA→AR,IA,AR,0.019669,0.000668,-96.6,↓,0.241032,NS,8/10,5,2
Liver,PlasmaB,cancer_associated,CR→AR,CR,AR,0.001666,0.000668,-59.9,↓,0.553617,NS,4/6,3,2
Liver,Myeloid,cell_cycle,NL→IT,NL,IT,0.066001,0.085732,29.9,↑,0.030303,*,27/30,6,5
Liver,Myeloid,cell_cycle,NL→IA,NL,IA,0.066001,0.056651,-14.2,↓,0.536797,NS,19/30,6,5
Liver,Myeloid,cell_cycle,NL→AR,NL,AR,0.066001,0.084265,27.7,↑,0.095238,†,16/18,6,3
Liver,Myeloid,cell_cycle,NL→CR,NL,CR,0.066001,0.059775,-9.4,↓,0.904762,NS,10/18,6,3
Liver,Myeloid,cell_cycle,IT→IA,IT,IA,0.085732,0.056651,-33.9,↓,0.055556,†,22/25,5,5
Liver,Myeloid,cell_cycle,IA→AR,IA,AR,0.056651,0.084265,48.7,↑,0.142857,NS,13/15,5,3
Liver,Myeloid,cell_cycle,CR→AR,CR,AR,0.059775,0.084265,41.0,↑,0.1,NS,9/9,3,3
Liver,CD4_T,cell_cycle,NL→IT,NL,IT,0.055463,0.050209,-9.5,↓,0.093074,†,29/36,6,6
Liver,CD4_T,cell_cycle,NL→IA,NL,IA,0.055463,0.047852,-13.7,↓,0.536797,NS,19/30,6,5
Liver,CD4_T,cell_cycle,NL→AR,NL,AR,0.055463,0.040122,-27.7,↓,0.047619,*,17/18,6,3
Liver,CD4_T,cell_cycle,NL→CR,NL,CR,0.055463,0.046076,-16.9,↓,0.095238,†,16/18,6,3
Liver,CD4_T,cell_cycle,IT→IA,IT,IA,0.050209,0.047852,-4.7,↓,0.792208,NS,17/30,6,5
Liver,CD4_T,cell_cycle,IA→AR,IA,AR,0.047852,0.040122,-16.2,↓,0.571429,NS,10/15,5,3
Liver,CD4_T,cell_cycle,CR→AR,CR,AR,0.046076,0.040122,-12.9,↓,0.4,NS,7/9,3,3
Liver,CD8_T,cell_cycle,NL→IT,NL,IT,0.052301,0.048144,-7.9,↓,0.484848,NS,23/36,6,6
Liver,CD8_T,cell_cycle,NL→IA,NL,IA,0.052301,0.042043,-19.6,↓,0.177489,NS,23/30,6,5
Liver,CD8_T,cell_cycle,NL→AR,NL,AR,0.052301,0.03619,-30.8,↓,0.02381,*,18/18,6,3
Liver,CD8_T,cell_cycle,NL→CR,NL,CR,0.052301,0.038623,-26.2,↓,0.02381,*,18/18,6,3
Liver,CD8_T,cell_cycle,IT→IA,IT,IA,0.048144,0.042043,-12.7,↓,0.662338,NS,18/30,6,5
Liver,CD8_T,cell_cycle,IA→AR,IA,AR,0.042043,0.03619,-13.9,↓,0.571429,NS,10/15,5,3
Liver,CD8_T,cell_cycle,CR→AR,CR,AR,0.038623,0.03619,-6.3,↓,0.7,NS,6/9,3,3
Liver,NK,cell_cycle,NL→IT,NL,IT,0.039924,0.042068,5.4,↑,0.536797,NS,19/30,6,5
Liver,NK,cell_cycle,NL→IA,NL,IA,0.039924,0.039661,-0.7,↓,0.662338,NS,12/30,6,5
Liver,NK,cell_cycle,NL→AR,NL,AR,0.039924,0.036643,-8.2,↓,0.714286,NS,11/18,6,3
Liver,NK,cell_cycle,NL→CR,NL,CR,0.039924,0.03784,-5.2,↓,0.904762,NS,10/18,6,3
Liver,NK,cell_cycle,IT→IA,IT,IA,0.042068,0.039661,-5.7,↓,1.0,NS,12/25,5,5
Liver,NK,cell_cycle,IA→AR,IA,AR,0.039661,0.036643,-7.6,↓,0.392857,NS,11/15,5,3
Liver,NK,cell_cycle,CR→AR,CR,AR,0.03784,0.036643,-3.2,↓,1.0,NS,5/9,3,3
Liver,B,cell_cycle,NL→IT,NL,IT,0.058969,0.090542,53.5,↑,0.017316,*,28/30,6,5
Liver,B,cell_cycle,NL→IA,NL,IA,0.058969,0.062313,5.7,↑,1.0,NS,15/30,6,5
Liver,B,cell_cycle,NL→AR,NL,AR,0.058969,0.057518,-2.5,↓,0.380952,NS,13/18,6,3
Liver,B,cell_cycle,NL→CR,NL,CR,0.058969,0.060755,3.0,↑,0.547619,NS,6/18,6,3
Liver,B,cell_cycle,IT→IA,IT,IA,0.090542,0.062313,-31.2,↓,0.095238,†,21/25,5,5
Liver,B,cell_cycle,IA→AR,IA,AR,0.062313,0.057518,-7.7,↓,0.785714,NS,9/15,5,3
Liver,B,cell_cycle,CR→AR,CR,AR,0.060755,0.057518,-5.3,↓,1.0,NS,4/9,3,3
Liver,PlasmaB,cell_cycle,NL→IT,NL,IT,0.073167,0.093615,27.9,↑,0.428571,NS,20/30,6,5
Liver,PlasmaB,cell_cycle,NL→IA,NL,IA,0.073167,0.085348,16.6,↑,0.662338,NS,18/30,6,5
Liver,PlasmaB,cell_cycle,NL→AR,NL,AR,0.073167,0.054612,-25.4,↓,0.285714,NS,10/12,6,2
Liver,PlasmaB,cell_cycle,NL→CR,NL,CR,0.073167,0.06217,-15.0,↓,0.714286,NS,11/18,6,3
Liver,PlasmaB,cell_cycle,IT→IA,IT,IA,0.093615,0.085348,-8.8,↓,0.547619,NS,16/25,5,5
Liver,PlasmaB,cell_cycle,IA→AR,IA,AR,0.085348,0.054612,-36.0,↓,0.380952,NS,8/10,5,2
Liver,PlasmaB,cell_cycle,CR→AR,CR,AR,0.06217,0.054612,-12.2,↓,0.8,NS,4/6,3,2
Liver,Myeloid,checkpoint,NL→IT,NL,IT,0.021626,0.016585,-23.3,↓,0.662338,NS,18/30,6,5
Liver,Myeloid,checkpoint,NL→IA,NL,IA,0.021626,0.015663,-27.6,↓,0.536797,NS,19/30,6,5
Liver,Myeloid,checkpoint,NL→AR,NL,AR,0.021626,0.023173,7.2,↑,0.714286,NS,11/18,6,3
Liver,Myeloid,checkpoint,NL→CR,NL,CR,0.021626,0.012793,-40.8,↓,0.547619,NS,12/18,6,3
Liver,Myeloid,checkpoint,IT→IA,IT,IA,0.016585,0.015663,-5.6,↓,0.84127,NS,14/25,5,5
Liver,Myeloid,checkpoint,IA→AR,IA,AR,0.015663,0.023173,47.9,↑,0.392857,NS,11/15,5,3
Liver,Myeloid,checkpoint,CR→AR,CR,AR,0.012793,0.023173,81.1,↑,0.1,NS,9/9,3,3
Liver,CD4_T,checkpoint,NL→IT,NL,IT,0.081787,0.092139,12.7,↑,0.393939,NS,24/36,6,6
Liver,CD4_T,checkpoint,NL→IA,NL,IA,0.081787,0.093886,14.8,↑,0.428571,NS,20/30,6,5
Liver,CD4_T,checkpoint,NL→AR,NL,AR,0.081787,0.092656,13.3,↑,0.547619,NS,12/18,6,3
Liver,CD4_T,checkpoint,NL→CR,NL,CR,0.081787,0.068028,-16.8,↓,1.0,NS,9/18,6,3
Liver,CD4_T,checkpoint,IT→IA,IT,IA,0.092139,0.093886,1.9,↑,0.662338,NS,18/30,6,5
Liver,CD4_T,checkpoint,IA→AR,IA,AR,0.093886,0.092656,-1.3,↓,0.785714,NS,9/15,5,3
Liver,CD4_T,checkpoint,CR→AR,CR,AR,0.068028,0.092656,36.2,↑,0.2,NS,8/9,3,3
Liver,CD8_T,checkpoint,NL→IT,NL,IT,0.090449,0.128643,42.2,↑,0.041126,*,31/36,6,6
Liver,CD8_T,checkpoint,NL→IA,NL,IA,0.090449,0.152823,69.0,↑,0.177489,NS,23/30,6,5
Liver,CD8_T,checkpoint,NL→AR,NL,AR,0.090449,0.140984,55.9,↑,0.095238,†,16/18,6,3
Liver,CD8_T,checkpoint,NL→CR,NL,CR,0.090449,0.09826,8.6,↑,0.166667,NS,15/18,6,3
Liver,CD8_T,checkpoint,IT→IA,IT,IA,0.128643,0.152823,18.8,↑,0.428571,NS,20/30,6,5
Liver,CD8_T,checkpoint,IA→AR,IA,AR,0.152823,0.140984,-7.7,↓,0.571429,NS,10/15,5,3
Liver,CD8_T,checkpoint,CR→AR,CR,AR,0.09826,0.140984,43.5,↑,0.1,NS,9/9,3,3
Liver,NK,checkpoint,NL→IT,NL,IT,0.083344,0.093001,11.6,↑,0.329004,NS,21/30,6,5
Liver,NK,checkpoint,NL→IA,NL,IA,0.083344,0.08577,2.9,↑,0.662338,NS,18/30,6,5
Liver,NK,checkpoint,NL→AR,NL,AR,0.083344,0.079243,-4.9,↓,0.714286,NS,7/18,6,3
Liver,NK,checkpoint,NL→CR,NL,CR,0.083344,0.092997,11.6,↑,0.714286,NS,11/18,6,3
Liver,NK,checkpoint,IT→IA,IT,IA,0.093001,0.08577,-7.8,↓,0.690476,NS,15/25,5,5
Liver,NK,checkpoint,IA→AR,IA,AR,0.08577,0.079243,-7.6,↓,0.785714,NS,9/15,5,3
Liver,NK,checkpoint,CR→AR,CR,AR,0.092997,0.079243,-14.8,↓,0.7,NS,6/9,3,3
Liver,B,checkpoint,NL→IT,NL,IT,0.018499,0.014728,-20.4,↓,1.0,NS,14/30,6,5
Liver,B,checkpoint,NL→IA,NL,IA,0.018499,0.028108,51.9,↑,0.329004,NS,21/30,6,5
Liver,B,checkpoint,NL→AR,NL,AR,0.018499,0.014319,-22.6,↓,1.0,NS,9/18,6,3
Liver,B,checkpoint,NL→CR,NL,CR,0.018499,0.011935,-35.5,↓,1.0,NS,9/18,6,3
Liver,B,checkpoint,IT→IA,IT,IA,0.014728,0.028108,90.8,↑,0.150794,NS,20/25,5,5
Liver,B,checkpoint,IA→AR,IA,AR,0.028108,0.014319,-49.1,↓,0.142857,NS,13/15,5,3
Liver,B,checkpoint,CR→AR,CR,AR,0.011935,0.014319,20.0,↑,1.0,NS,5/9,3,3
Liver,PlasmaB,checkpoint,NL→IT,NL,IT,0.02048,0.004838,-76.4,↓,0.583025,NS,18/30,6,5
Liver,PlasmaB,checkpoint,NL→IA,NL,IA,0.02048,0.007766,-62.1,↓,0.350122,NS,19/30,6,5
Liver,PlasmaB,checkpoint,NL→AR,NL,AR,0.02048,0.004245,-79.3,↓,0.737372,NS,7/12,6,2
Liver,PlasmaB,checkpoint,NL→CR,NL,CR,0.02048,0.003808,-81.4,↓,0.35802,NS,12/18,6,3
Liver,PlasmaB,checkpoint,IT→IA,IT,IA,0.004838,0.007766,60.5,↑,0.746476,NS,9/25,5,5
Liver,PlasmaB,checkpoint,IA→AR,IA,AR,0.007766,0.004245,-45.3,↓,1.0,NS,4/10,5,2
Liver,PlasmaB,checkpoint,CR→AR,CR,AR,0.003808,0.004245,11.5,↑,1.0,NS,2/6,3,2
Liver,Myeloid,cytotoxicity,NL→IT,NL,IT,0.010512,0.002347,-77.7,↓,0.388861,NS,17/30,6,5
Liver,Myeloid,cytotoxicity,NL→IA,NL,IA,0.010512,0.009526,-9.4,↓,0.779243,NS,15/30,6,5
Liver,Myeloid,cytotoxicity,NL→AR,NL,AR,0.010512,0.006631,-36.9,↓,0.895533,NS,9/18,6,3
Liver,Myeloid,cytotoxicity,NL→CR,NL,CR,0.010512,0.006475,-38.4,↓,0.895533,NS,9/18,6,3
Liver,Myeloid,cytotoxicity,IT→IA,IT,IA,0.002347,0.009526,305.8,↑,0.503812,NS,13/25,5,5
Liver,Myeloid,cytotoxicity,IA→AR,IA,AR,0.009526,0.006631,-30.4,↓,1.0,NS,6/15,5,3
Liver,Myeloid,cytotoxicity,CR→AR,CR,AR,0.006475,0.006631,2.4,↑,0.824778,NS,5/9,3,3
Liver,CD4_T,cytotoxicity,NL→IT,NL,IT,0.229987,0.263637,14.6,↑,0.24026,NS,26/36,6,6
Liver,CD4_T,cytotoxicity,NL→IA,NL,IA,0.229987,0.177543,-22.8,↓,0.329004,NS,21/30,6,5
Liver,CD4_T,cytotoxicity,NL→AR,NL,AR,0.229987,0.248821,8.2,↑,0.380952,NS,13/18,6,3
Liver,CD4_T,cytotoxicity,NL→CR,NL,CR,0.229987,0.267011,16.1,↑,0.380952,NS,13/18,6,3
Liver,CD4_T,cytotoxicity,IT→IA,IT,IA,0.263637,0.177543,-32.7,↓,0.017316,*,28/30,6,5
Liver,CD4_T,cytotoxicity,IA→AR,IA,AR,0.177543,0.248821,40.1,↑,0.25,NS,12/15,5,3
Liver,CD4_T,cytotoxicity,CR→AR,CR,AR,0.267011,0.248821,-6.8,↓,1.0,NS,4/9,3,3
Liver,CD8_T,cytotoxicity,NL→IT,NL,IT,0.34585,0.377396,9.1,↑,0.588745,NS,22/36,6,6
Liver,CD8_T,cytotoxicity,NL→IA,NL,IA,0.34585,0.328831,-4.9,↓,0.792208,NS,17/30,6,5
Liver,CD8_T,cytotoxicity,NL→AR,NL,AR,0.34585,0.424672,22.8,↑,0.166667,NS,15/18,6,3
Liver,CD8_T,cytotoxicity,NL→CR,NL,CR,0.34585,0.417344,20.7,↑,0.261905,NS,14/18,6,3
Liver,CD8_T,cytotoxicity,IT→IA,IT,IA,0.377396,0.328831,-12.9,↓,0.246753,NS,22/30,6,5
Liver,CD8_T,cytotoxicity,IA→AR,IA,AR,0.328831,0.424672,29.1,↑,0.035714,*,15/15,5,3
Liver,CD8_T,cytotoxicity,CR→AR,CR,AR,0.417344,0.424672,1.8,↑,0.7,NS,6/9,3,3
Liver,NK,cytotoxicity,NL→IT,NL,IT,0.534867,0.5787,8.2,↑,0.536797,NS,19/30,6,5
Liver,NK,cytotoxicity,NL→IA,NL,IA,0.534867,0.543889,1.7,↑,0.930736,NS,16/30,6,5
Liver,NK,cytotoxicity,NL→AR,NL,AR,0.534867,0.578539,8.2,↑,0.547619,NS,12/18,6,3
Liver,NK,cytotoxicity,NL→CR,NL,CR,0.534867,0.548363,2.5,↑,0.714286,NS,11/18,6,3
Liver,NK,cytotoxicity,IT→IA,IT,IA,0.5787,0.543889,-6.0,↓,0.420635,NS,17/25,5,5
Liver,NK,cytotoxicity,IA→AR,IA,AR,0.543889,0.578539,6.4,↑,0.785714,NS,9/15,5,3
Liver,NK,cytotoxicity,CR→AR,CR,AR,0.548363,0.578539,5.5,↑,0.4,NS,7/9,3,3
Liver,B,cytotoxicity,NL→IT,NL,IT,0.010021,0.017906,78.7,↑,0.927099,NS,14/30,6,5
Liver,B,cytotoxicity,NL→IA,NL,IA,0.010021,0.00856,-14.6,↓,0.662338,NS,12/30,6,5
Liver,B,cytotoxicity,NL→AR,NL,AR,0.010021,0.006561,-34.5,↓,0.904762,NS,8/18,6,3
Liver,B,cytotoxicity,NL→CR,NL,CR,0.010021,0.00205,-79.5,↓,0.380952,NS,13/18,6,3
Liver,B,cytotoxicity,IT→IA,IT,IA,0.017906,0.00856,-52.2,↓,0.401965,NS,8/25,5,5
Liver,B,cytotoxicity,IA→AR,IA,AR,0.00856,0.006561,-23.4,↓,0.571429,NS,10/15,5,3
Liver,B,cytotoxicity,CR→AR,CR,AR,0.00205,0.006561,220.1,↑,0.7,NS,6/9,3,3
Liver,PlasmaB,cytotoxicity,NL→IT,NL,IT,0.018857,0.074394,294.5,↑,0.035344,*,27/30,6,5
Liver,PlasmaB,cytotoxicity,NL→IA,NL,IA,0.018857,0.076,303.0,↑,0.035344,*,27/30,6,5
Liver,PlasmaB,cytotoxicity,NL→AR,NL,AR,0.018857,0.117241,521.7,↑,0.065133,†,12/12,6,2
Liver,PlasmaB,cytotoxicity,NL→CR,NL,CR,0.018857,0.065273,246.1,↑,0.153854,NS,15/18,6,3
Liver,PlasmaB,cytotoxicity,IT→IA,IT,IA,0.074394,0.076,2.2,↑,0.84127,NS,11/25,5,5
Liver,PlasmaB,cytotoxicity,IA→AR,IA,AR,0.076,0.117241,54.3,↑,0.380952,NS,8/10,5,2
Liver,PlasmaB,cytotoxicity,CR→AR,CR,AR,0.065273,0.117241,79.6,↑,0.2,NS,6/6,3,2
Liver,Myeloid,epigenetics,NL→IT,NL,IT,0.035431,0.03333,-5.9,↓,0.662338,NS,18/30,6,5
Liver,Myeloid,epigenetics,NL→IA,NL,IA,0.035431,0.02418,-31.8,↓,0.246753,NS,22/30,6,5
Liver,Myeloid,epigenetics,NL→AR,NL,AR,0.035431,0.06682,88.6,↑,0.714286,NS,11/18,6,3
Liver,Myeloid,epigenetics,NL→CR,NL,CR,0.035431,0.041447,17.0,↑,0.714286,NS,11/18,6,3
Liver,Myeloid,epigenetics,IT→IA,IT,IA,0.03333,0.02418,-27.5,↓,0.222222,NS,19/25,5,5
Liver,Myeloid,epigenetics,IA→AR,IA,AR,0.02418,0.06682,176.3,↑,0.142857,NS,13/15,5,3
Liver,Myeloid,epigenetics,CR→AR,CR,AR,0.041447,0.06682,61.2,↑,0.7,NS,3/9,3,3
Liver,CD4_T,epigenetics,NL→IT,NL,IT,0.032726,0.038074,16.3,↑,0.24026,NS,26/36,6,6
Liver,CD4_T,epigenetics,NL→IA,NL,IA,0.032726,0.041264,26.1,↑,0.125541,NS,24/30,6,5
Liver,CD4_T,epigenetics,NL→AR,NL,AR,0.032726,0.044821,37.0,↑,0.02381,*,18/18,6,3
Liver,CD4_T,epigenetics,NL→CR,NL,CR,0.032726,0.038565,17.8,↑,0.166667,NS,15/18,6,3
Liver,CD4_T,epigenetics,IT→IA,IT,IA,0.038074,0.041264,8.4,↑,0.662338,NS,18/30,6,5
Liver,CD4_T,epigenetics,IA→AR,IA,AR,0.041264,0.044821,8.6,↑,0.25,NS,12/15,5,3
Liver,CD4_T,epigenetics,CR→AR,CR,AR,0.038565,0.044821,16.2,↑,0.1,NS,9/9,3,3
Liver,CD8_T,epigenetics,NL→IT,NL,IT,0.032169,0.045366,41.0,↑,0.015152,*,33/36,6,6
Liver,CD8_T,epigenetics,NL→IA,NL,IA,0.032169,0.045266,40.7,↑,0.008658,**,29/30,6,5
Liver,CD8_T,epigenetics,NL→AR,NL,AR,0.032169,0.048731,51.5,↑,0.02381,*,18/18,6,3
Liver,CD8_T,epigenetics,NL→CR,NL,CR,0.032169,0.042921,33.4,↑,0.166667,NS,15/18,6,3
Liver,CD8_T,epigenetics,IT→IA,IT,IA,0.045366,0.045266,-0.2,↓,0.792208,NS,13/30,6,5
Liver,CD8_T,epigenetics,IA→AR,IA,AR,0.045266,0.048731,7.7,↑,0.392857,NS,11/15,5,3
Liver,CD8_T,epigenetics,CR→AR,CR,AR,0.042921,0.048731,13.5,↑,0.4,NS,7/9,3,3
Liver,NK,epigenetics,NL→IT,NL,IT,0.040525,0.043427,7.2,↑,0.662338,NS,18/30,6,5
Liver,NK,epigenetics,NL→IA,NL,IA,0.040525,0.04238,4.6,↑,1.0,NS,15/30,6,5
Liver,NK,epigenetics,NL→AR,NL,AR,0.040525,0.043318,6.9,↑,1.0,NS,9/18,6,3
Liver,NK,epigenetics,NL→CR,NL,CR,0.040525,0.046714,15.3,↑,0.547619,NS,12/18,6,3
Liver,NK,epigenetics,IT→IA,IT,IA,0.043427,0.04238,-2.4,↓,0.690476,NS,15/25,5,5
Liver,NK,epigenetics,IA→AR,IA,AR,0.04238,0.043318,2.2,↑,0.571429,NS,10/15,5,3
Liver,NK,epigenetics,CR→AR,CR,AR,0.046714,0.043318,-7.3,↓,0.4,NS,7/9,3,3
Liver,B,epigenetics,NL→IT,NL,IT,0.033987,0.043524,28.1,↑,0.662338,NS,18/30,6,5
Liver,B,epigenetics,NL→IA,NL,IA,0.033987,0.04772,40.4,↑,0.246753,NS,22/30,6,5
Liver,B,epigenetics,NL→AR,NL,AR,0.033987,0.054134,59.3,↑,0.166667,NS,15/18,6,3
Liver,B,epigenetics,NL→CR,NL,CR,0.033987,0.03699,8.8,↑,0.714286,NS,11/18,6,3
Liver,B,epigenetics,IT→IA,IT,IA,0.043524,0.04772,9.6,↑,0.547619,NS,16/25,5,5
Liver,B,epigenetics,IA→AR,IA,AR,0.04772,0.054134,13.4,↑,0.571429,NS,10/15,5,3
Liver,B,epigenetics,CR→AR,CR,AR,0.03699,0.054134,46.3,↑,0.2,NS,8/9,3,3
Liver,PlasmaB,epigenetics,NL→IT,NL,IT,0.027737,0.019155,-30.9,↓,0.536797,NS,19/30,6,5
Liver,PlasmaB,epigenetics,NL→IA,NL,IA,0.027737,0.016762,-39.6,↓,0.407016,NS,19/30,6,5
Liver,PlasmaB,epigenetics,NL→AR,NL,AR,0.027737,0.024039,-13.3,↓,0.642857,NS,8/12,6,2
Liver,PlasmaB,epigenetics,NL→CR,NL,CR,0.027737,0.023524,-15.2,↓,0.714286,NS,11/18,6,3
Liver,PlasmaB,epigenetics,IT→IA,IT,IA,0.019155,0.016762,-12.5,↓,1.0,NS,13/25,5,5
Liver,PlasmaB,epigenetics,IA→AR,IA,AR,0.016762,0.024039,43.4,↑,0.557738,NS,7/10,5,2
Liver,PlasmaB,epigenetics,CR→AR,CR,AR,0.023524,0.024039,2.2,↑,1.0,NS,3/6,3,2
Liver,Myeloid,exhaustion,NL→IT,NL,IT,0.023714,0.027285,15.1,↑,0.662338,NS,18/30,6,5
Liver,Myeloid,exhaustion,NL→IA,NL,IA,0.023714,0.027299,15.1,↑,0.662338,NS,18/30,6,5
Liver,Myeloid,exhaustion,NL→AR,NL,AR,0.023714,0.035408,49.3,↑,0.380952,NS,13/18,6,3
Liver,Myeloid,exhaustion,NL→CR,NL,CR,0.023714,0.029631,24.9,↑,0.547619,NS,12/18,6,3
Liver,Myeloid,exhaustion,IT→IA,IT,IA,0.027285,0.027299,0.1,↑,1.0,NS,13/25,5,5
Liver,Myeloid,exhaustion,IA→AR,IA,AR,0.027299,0.035408,29.7,↑,0.785714,NS,9/15,5,3
Liver,Myeloid,exhaustion,CR→AR,CR,AR,0.029631,0.035408,19.5,↑,1.0,NS,5/9,3,3
Liver,CD4_T,exhaustion,NL→IT,NL,IT,0.077572,0.08601,10.9,↑,0.588745,NS,22/36,6,6
Liver,CD4_T,exhaustion,NL→IA,NL,IA,0.077572,0.087323,12.6,↑,0.536797,NS,19/30,6,5
Liver,CD4_T,exhaustion,NL→AR,NL,AR,0.077572,0.084909,9.5,↑,0.714286,NS,11/18,6,3
Liver,CD4_T,exhaustion,NL→CR,NL,CR,0.077572,0.065002,-16.2,↓,1.0,NS,9/18,6,3
Liver,CD4_T,exhaustion,IT→IA,IT,IA,0.08601,0.087323,1.5,↑,0.792208,NS,17/30,6,5
Liver,CD4_T,exhaustion,IA→AR,IA,AR,0.087323,0.084909,-2.8,↓,1.0,NS,8/15,5,3
Liver,CD4_T,exhaustion,CR→AR,CR,AR,0.065002,0.084909,30.6,↑,0.2,NS,8/9,3,3
Liver,CD8_T,exhaustion,NL→IT,NL,IT,0.09007,0.126369,40.3,↑,0.041126,*,31/36,6,6
Liver,CD8_T,exhaustion,NL→IA,NL,IA,0.09007,0.149143,65.6,↑,0.177489,NS,23/30,6,5
Liver,CD8_T,exhaustion,NL→AR,NL,AR,0.09007,0.137905,53.1,↑,0.095238,†,16/18,6,3
Liver,CD8_T,exhaustion,NL→CR,NL,CR,0.09007,0.097976,8.8,↑,0.166667,NS,15/18,6,3
Liver,CD8_T,exhaustion,IT→IA,IT,IA,0.126369,0.149143,18.0,↑,0.329004,NS,21/30,6,5
Liver,CD8_T,exhaustion,IA→AR,IA,AR,0.149143,0.137905,-7.5,↓,0.571429,NS,10/15,5,3
Liver,CD8_T,exhaustion,CR→AR,CR,AR,0.097976,0.137905,40.8,↑,0.1,NS,9/9,3,3
Liver,NK,exhaustion,NL→IT,NL,IT,0.085421,0.096478,12.9,↑,0.329004,NS,21/30,6,5
Liver,NK,exhaustion,NL→IA,NL,IA,0.085421,0.089524,4.8,↑,0.662338,NS,18/30,6,5
Liver,NK,exhaustion,NL→AR,NL,AR,0.085421,0.081205,-4.9,↓,1.0,NS,9/18,6,3
Liver,NK,exhaustion,NL→CR,NL,CR,0.085421,0.096528,13.0,↑,0.714286,NS,11/18,6,3
Liver,NK,exhaustion,IT→IA,IT,IA,0.096478,0.089524,-7.2,↓,0.690476,NS,15/25,5,5
Liver,NK,exhaustion,IA→AR,IA,AR,0.089524,0.081205,-9.3,↓,0.571429,NS,10/15,5,3
Liver,NK,exhaustion,CR→AR,CR,AR,0.096528,0.081205,-15.9,↓,0.7,NS,6/9,3,3
Liver,B,exhaustion,NL→IT,NL,IT,0.02113,0.016866,-20.2,↓,0.714379,NS,17/30,6,5
Liver,B,exhaustion,NL→IA,NL,IA,0.02113,0.032312,52.9,↑,0.329004,NS,21/30,6,5
Liver,B,exhaustion,NL→AR,NL,AR,0.02113,0.018866,-10.7,↓,0.904762,NS,8/18,6,3
Liver,B,exhaustion,NL→CR,NL,CR,0.02113,0.017212,-18.5,↓,1.0,NS,9/18,6,3
Liver,B,exhaustion,IT→IA,IT,IA,0.016866,0.032312,91.6,↑,0.150794,NS,20/25,5,5
Liver,B,exhaustion,IA→AR,IA,AR,0.032312,0.018866,-41.6,↓,0.392857,NS,11/15,5,3
Liver,B,exhaustion,CR→AR,CR,AR,0.017212,0.018866,9.6,↑,1.0,NS,5/9,3,3
Liver,PlasmaB,exhaustion,NL→IT,NL,IT,0.049371,0.007683,-84.4,↓,0.017316,*,28/30,6,5
Liver,PlasmaB,exhaustion,NL→IA,NL,IA,0.049371,0.018743,-62.0,↓,0.177489,NS,23/30,6,5
Liver,PlasmaB,exhaustion,NL→AR,NL,AR,0.049371,0.004245,-91.4,↓,0.071429,†,12/12,6,2
Liver,PlasmaB,exhaustion,NL→CR,NL,CR,0.049371,0.009836,-80.1,↓,0.047619,*,17/18,6,3
Liver,PlasmaB,exhaustion,IT→IA,IT,IA,0.007683,0.018743,143.9,↑,0.249153,NS,18/25,5,5
Liver,PlasmaB,exhaustion,IA→AR,IA,AR,0.018743,0.004245,-77.4,↓,0.241032,NS,8/10,5,2
Liver,PlasmaB,exhaustion,CR→AR,CR,AR,0.009836,0.004245,-56.8,↓,0.553617,NS,4/6,3,2
Liver,Myeloid,fibrosis,NL→IT,NL,IT,0.098494,0.093509,-5.1,↓,0.662338,NS,18/30,6,5
Liver,Myeloid,fibrosis,NL→IA,NL,IA,0.098494,0.078826,-20.0,↓,0.246753,NS,22/30,6,5
Liver,Myeloid,fibrosis,NL→AR,NL,AR,0.098494,0.092698,-5.9,↓,0.547619,NS,12/18,6,3
Liver,Myeloid,fibrosis,NL→CR,NL,CR,0.098494,0.0918,-6.8,↓,0.547619,NS,12/18,6,3
Liver,Myeloid,fibrosis,IT→IA,IT,IA,0.093509,0.078826,-15.7,↓,0.420635,NS,17/25,5,5
Liver,Myeloid,fibrosis,IA→AR,IA,AR,0.078826,0.092698,17.6,↑,0.25,NS,12/15,5,3
Liver,Myeloid,fibrosis,CR→AR,CR,AR,0.0918,0.092698,1.0,↑,0.7,NS,3/9,3,3
Liver,CD4_T,fibrosis,NL→IT,NL,IT,0.050465,0.047635,-5.6,↓,0.699134,NS,21/36,6,6
Liver,CD4_T,fibrosis,NL→IA,NL,IA,0.050465,0.053617,6.2,↑,0.792208,NS,17/30,6,5
Liver,CD4_T,fibrosis,NL→AR,NL,AR,0.050465,0.045129,-10.6,↓,0.904762,NS,10/18,6,3
Liver,CD4_T,fibrosis,NL→CR,NL,CR,0.050465,0.033874,-32.9,↓,0.166667,NS,15/18,6,3
Liver,CD4_T,fibrosis,IT→IA,IT,IA,0.047635,0.053617,12.6,↑,0.662338,NS,18/30,6,5
Liver,CD4_T,fibrosis,IA→AR,IA,AR,0.053617,0.045129,-15.8,↓,0.785714,NS,9/15,5,3
Liver,CD4_T,fibrosis,CR→AR,CR,AR,0.033874,0.045129,33.2,↑,0.7,NS,6/9,3,3
Liver,CD8_T,fibrosis,NL→IT,NL,IT,0.056079,0.05006,-10.7,↓,0.393939,NS,24/36,6,6
Liver,CD8_T,fibrosis,NL→IA,NL,IA,0.056079,0.052638,-6.1,↓,1.0,NS,15/30,6,5
Liver,CD8_T,fibrosis,NL→AR,NL,AR,0.056079,0.042775,-23.7,↓,0.261905,NS,14/18,6,3
Liver,CD8_T,fibrosis,NL→CR,NL,CR,0.056079,0.032778,-41.5,↓,0.095238,†,16/18,6,3
Liver,CD8_T,fibrosis,IT→IA,IT,IA,0.05006,0.052638,5.2,↑,0.792208,NS,17/30,6,5
Liver,CD8_T,fibrosis,IA→AR,IA,AR,0.052638,0.042775,-18.7,↓,0.571429,NS,10/15,5,3
Liver,CD8_T,fibrosis,CR→AR,CR,AR,0.032778,0.042775,30.5,↑,0.7,NS,6/9,3,3
Liver,NK,fibrosis,NL→IT,NL,IT,0.056719,0.059092,4.2,↑,0.662338,NS,18/30,6,5
Liver,NK,fibrosis,NL→IA,NL,IA,0.056719,0.066465,17.2,↑,0.428571,NS,20/30,6,5
Liver,NK,fibrosis,NL→AR,NL,AR,0.056719,0.0544,-4.1,↓,1.0,NS,9/18,6,3
Liver,NK,fibrosis,NL→CR,NL,CR,0.056719,0.040429,-28.7,↓,0.166667,NS,15/18,6,3
Liver,NK,fibrosis,IT→IA,IT,IA,0.059092,0.066465,12.5,↑,0.222222,NS,19/25,5,5
Liver,NK,fibrosis,IA→AR,IA,AR,0.066465,0.0544,-18.2,↓,0.392857,NS,11/15,5,3
Liver,NK,fibrosis,CR→AR,CR,AR,0.040429,0.0544,34.6,↑,0.4,NS,7/9,3,3
Liver,B,fibrosis,NL→IT,NL,IT,0.020776,0.0342,64.6,↑,0.930736,NS,14/30,6,5
Liver,B,fibrosis,NL→IA,NL,IA,0.020776,0.031741,52.8,↑,0.329004,NS,21/30,6,5
Liver,B,fibrosis,NL→AR,NL,AR,0.020776,0.014043,-32.4,↓,0.380952,NS,13/18,6,3
Liver,B,fibrosis,NL→CR,NL,CR,0.020776,0.008516,-59.0,↓,0.166667,NS,15/18,6,3
Liver,B,fibrosis,IT→IA,IT,IA,0.0342,0.031741,-7.2,↓,0.547619,NS,9/25,5,5
Liver,B,fibrosis,IA→AR,IA,AR,0.031741,0.014043,-55.8,↓,0.071429,†,14/15,5,3
Liver,B,fibrosis,CR→AR,CR,AR,0.008516,0.014043,64.9,↑,0.4,NS,7/9,3,3
Liver,PlasmaB,fibrosis,NL→IT,NL,IT,0.032975,0.038461,16.6,↑,0.662338,NS,18/30,6,5
Liver,PlasmaB,fibrosis,NL→IA,NL,IA,0.032975,0.034417,4.4,↑,0.536797,NS,19/30,6,5
Liver,PlasmaB,fibrosis,NL→AR,NL,AR,0.032975,0.030278,-8.2,↓,0.642857,NS,4/12,6,2
Liver,PlasmaB,fibrosis,NL→CR,NL,CR,0.032975,0.02436,-26.1,↓,0.380952,NS,13/18,6,3
Liver,PlasmaB,fibrosis,IT→IA,IT,IA,0.038461,0.034417,-10.5,↓,1.0,NS,12/25,5,5
Liver,PlasmaB,fibrosis,IA→AR,IA,AR,0.034417,0.030278,-12.0,↓,0.857143,NS,6/10,5,2
Liver,PlasmaB,fibrosis,CR→AR,CR,AR,0.02436,0.030278,24.3,↑,0.8,NS,4/6,3,2
Liver,Myeloid,glycolysis,NL→IT,NL,IT,0.343845,0.326363,-5.1,↓,0.536797,NS,19/30,6,5
Liver,Myeloid,glycolysis,NL→IA,NL,IA,0.343845,0.311116,-9.5,↓,0.329004,NS,21/30,6,5
Liver,Myeloid,glycolysis,NL→AR,NL,AR,0.343845,0.313591,-8.8,↓,0.261905,NS,14/18,6,3
Liver,Myeloid,glycolysis,NL→CR,NL,CR,0.343845,0.323093,-6.0,↓,0.261905,NS,14/18,6,3
Liver,Myeloid,glycolysis,IT→IA,IT,IA,0.326363,0.311116,-4.7,↓,0.84127,NS,14/25,5,5
Liver,Myeloid,glycolysis,IA→AR,IA,AR,0.311116,0.313591,0.8,↑,1.0,NS,8/15,5,3
Liver,Myeloid,glycolysis,CR→AR,CR,AR,0.323093,0.313591,-2.9,↓,1.0,NS,5/9,3,3
Liver,CD4_T,glycolysis,NL→IT,NL,IT,0.289557,0.28208,-2.6,↓,0.937229,NS,17/36,6,6
Liver,CD4_T,glycolysis,NL→IA,NL,IA,0.289557,0.281576,-2.8,↓,0.930736,NS,16/30,6,5
Liver,CD4_T,glycolysis,NL→AR,NL,AR,0.289557,0.271317,-6.3,↓,0.547619,NS,12/18,6,3
Liver,CD4_T,glycolysis,NL→CR,NL,CR,0.289557,0.274839,-5.1,↓,0.714286,NS,11/18,6,3
Liver,CD4_T,glycolysis,IT→IA,IT,IA,0.28208,0.281576,-0.2,↓,0.792208,NS,17/30,6,5
Liver,CD4_T,glycolysis,IA→AR,IA,AR,0.281576,0.271317,-3.6,↓,0.785714,NS,9/15,5,3
Liver,CD4_T,glycolysis,CR→AR,CR,AR,0.274839,0.271317,-1.3,↓,1.0,NS,5/9,3,3
Liver,CD8_T,glycolysis,NL→IT,NL,IT,0.285603,0.298538,4.5,↑,0.393939,NS,24/36,6,6
Liver,CD8_T,glycolysis,NL→IA,NL,IA,0.285603,0.288057,0.9,↑,1.0,NS,15/30,6,5
Liver,CD8_T,glycolysis,NL→AR,NL,AR,0.285603,0.269732,-5.6,↓,0.714286,NS,11/18,6,3
Liver,CD8_T,glycolysis,NL→CR,NL,CR,0.285603,0.265928,-6.9,↓,0.904762,NS,10/18,6,3
Liver,CD8_T,glycolysis,IT→IA,IT,IA,0.298538,0.288057,-3.5,↓,0.662338,NS,18/30,6,5
Liver,CD8_T,glycolysis,IA→AR,IA,AR,0.288057,0.269732,-6.4,↓,0.571429,NS,10/15,5,3
Liver,CD8_T,glycolysis,CR→AR,CR,AR,0.265928,0.269732,1.4,↑,0.7,NS,3/9,3,3
Liver,NK,glycolysis,NL→IT,NL,IT,0.255793,0.279742,9.4,↑,0.662338,NS,18/30,6,5
Liver,NK,glycolysis,NL→IA,NL,IA,0.255793,0.260382,1.8,↑,0.792208,NS,17/30,6,5
Liver,NK,glycolysis,NL→AR,NL,AR,0.255793,0.246507,-3.6,↓,0.547619,NS,12/18,6,3
Liver,NK,glycolysis,NL→CR,NL,CR,0.255793,0.258991,1.3,↑,0.904762,NS,10/18,6,3
Liver,NK,glycolysis,IT→IA,IT,IA,0.279742,0.260382,-6.9,↓,0.547619,NS,16/25,5,5
Liver,NK,glycolysis,IA→AR,IA,AR,0.260382,0.246507,-5.3,↓,0.392857,NS,11/15,5,3
Liver,NK,glycolysis,CR→AR,CR,AR,0.258991,0.246507,-4.8,↓,0.7,NS,6/9,3,3
Liver,B,glycolysis,NL→IT,NL,IT,0.187234,0.184689,-1.4,↓,0.662338,NS,12/30,6,5
Liver,B,glycolysis,NL→IA,NL,IA,0.187234,0.192708,2.9,↑,0.329004,NS,21/30,6,5
Liver,B,glycolysis,NL→AR,NL,AR,0.187234,0.202125,8.0,↑,0.714286,NS,11/18,6,3
Liver,B,glycolysis,NL→CR,NL,CR,0.187234,0.190335,1.7,↑,0.904762,NS,10/18,6,3
Liver,B,glycolysis,IT→IA,IT,IA,0.184689,0.192708,4.3,↑,1.0,NS,13/25,5,5
Liver,B,glycolysis,IA→AR,IA,AR,0.192708,0.202125,4.9,↑,0.571429,NS,10/15,5,3
Liver,B,glycolysis,CR→AR,CR,AR,0.190335,0.202125,6.2,↑,1.0,NS,4/9,3,3
Liver,PlasmaB,glycolysis,NL→IT,NL,IT,0.237328,0.238767,0.6,↑,1.0,NS,15/30,6,5
Liver,PlasmaB,glycolysis,NL→IA,NL,IA,0.237328,0.267266,12.6,↑,0.792208,NS,13/30,6,5
Liver,PlasmaB,glycolysis,NL→AR,NL,AR,0.237328,0.239097,0.7,↑,0.642857,NS,8/12,6,2
Liver,PlasmaB,glycolysis,NL→CR,NL,CR,0.237328,0.251124,5.8,↑,0.547619,NS,12/18,6,3
Liver,PlasmaB,glycolysis,IT→IA,IT,IA,0.238767,0.267266,11.9,↑,1.0,NS,13/25,5,5
Liver,PlasmaB,glycolysis,IA→AR,IA,AR,0.267266,0.239097,-10.5,↓,0.571429,NS,3/10,5,2
Liver,PlasmaB,glycolysis,CR→AR,CR,AR,0.251124,0.239097,-4.8,↓,0.8,NS,4/6,3,2
Liver,Myeloid,il15_mtor,NL→IT,NL,IT,0.023171,0.041041,77.1,↑,0.051948,†,26/30,6,5
Liver,Myeloid,il15_mtor,NL→IA,NL,IA,0.023171,0.028813,24.4,↑,0.792208,NS,17/30,6,5
Liver,Myeloid,il15_mtor,NL→AR,NL,AR,0.023171,0.032964,42.3,↑,0.166667,NS,15/18,6,3
Liver,Myeloid,il15_mtor,NL→CR,NL,CR,0.023171,0.033813,45.9,↑,0.166667,NS,15/18,6,3
Liver,Myeloid,il15_mtor,IT→IA,IT,IA,0.041041,0.028813,-29.8,↓,0.690476,NS,15/25,5,5
Liver,Myeloid,il15_mtor,IA→AR,IA,AR,0.028813,0.032964,14.4,↑,0.571429,NS,10/15,5,3
Liver,Myeloid,il15_mtor,CR→AR,CR,AR,0.033813,0.032964,-2.5,↓,1.0,NS,5/9,3,3
Liver,CD4_T,il15_mtor,NL→IT,NL,IT,0.074894,0.074176,-1.0,↓,1.0,NS,18/36,6,6
Liver,CD4_T,il15_mtor,NL→IA,NL,IA,0.074894,0.078512,4.8,↑,0.428571,NS,20/30,6,5
Liver,CD4_T,il15_mtor,NL→AR,NL,AR,0.074894,0.077936,4.1,↑,0.547619,NS,12/18,6,3
Liver,CD4_T,il15_mtor,NL→CR,NL,CR,0.074894,0.077968,4.1,↑,0.547619,NS,12/18,6,3
Liver,CD4_T,il15_mtor,IT→IA,IT,IA,0.074176,0.078512,5.8,↑,0.329004,NS,21/30,6,5
Liver,CD4_T,il15_mtor,IA→AR,IA,AR,0.078512,0.077936,-0.7,↓,1.0,NS,7/15,5,3
Liver,CD4_T,il15_mtor,CR→AR,CR,AR,0.077968,0.077936,-0.0,↓,1.0,NS,5/9,3,3
Liver,CD8_T,il15_mtor,NL→IT,NL,IT,0.076439,0.080562,5.4,↑,0.699134,NS,21/36,6,6
Liver,CD8_T,il15_mtor,NL→IA,NL,IA,0.076439,0.085754,12.2,↑,0.177489,NS,23/30,6,5
Liver,CD8_T,il15_mtor,NL→AR,NL,AR,0.076439,0.084126,10.1,↑,0.380952,NS,13/18,6,3
Liver,CD8_T,il15_mtor,NL→CR,NL,CR,0.076439,0.0718,-6.1,↓,0.547619,NS,12/18,6,3
Liver,CD8_T,il15_mtor,IT→IA,IT,IA,0.080562,0.085754,6.4,↑,0.246753,NS,22/30,6,5
Liver,CD8_T,il15_mtor,IA→AR,IA,AR,0.085754,0.084126,-1.9,↓,1.0,NS,7/15,5,3
Liver,CD8_T,il15_mtor,CR→AR,CR,AR,0.0718,0.084126,17.2,↑,0.1,NS,9/9,3,3
Liver,NK,il15_mtor,NL→IT,NL,IT,0.105639,0.120735,14.3,↑,0.428571,NS,20/30,6,5
Liver,NK,il15_mtor,NL→IA,NL,IA,0.105639,0.110931,5.0,↑,0.792208,NS,17/30,6,5
Liver,NK,il15_mtor,NL→AR,NL,AR,0.105639,0.108043,2.3,↑,1.0,NS,9/18,6,3
Liver,NK,il15_mtor,NL→CR,NL,CR,0.105639,0.124248,17.6,↑,0.166667,NS,15/18,6,3
Liver,NK,il15_mtor,IT→IA,IT,IA,0.120735,0.110931,-8.1,↓,0.420635,NS,17/25,5,5
Liver,NK,il15_mtor,IA→AR,IA,AR,0.110931,0.108043,-2.6,↓,0.785714,NS,6/15,5,3
Liver,NK,il15_mtor,CR→AR,CR,AR,0.124248,0.108043,-13.0,↓,0.1,NS,9/9,3,3
Liver,B,il15_mtor,NL→IT,NL,IT,0.074701,0.055448,-25.8,↓,0.428571,NS,20/30,6,5
Liver,B,il15_mtor,NL→IA,NL,IA,0.074701,0.050174,-32.8,↓,0.177489,NS,23/30,6,5
Liver,B,il15_mtor,NL→AR,NL,AR,0.074701,0.061498,-17.7,↓,0.904762,NS,10/18,6,3
Liver,B,il15_mtor,NL→CR,NL,CR,0.074701,0.048066,-35.7,↓,0.095238,†,16/18,6,3
Liver,B,il15_mtor,IT→IA,IT,IA,0.055448,0.050174,-9.5,↓,1.0,NS,12/25,5,5
Liver,B,il15_mtor,IA→AR,IA,AR,0.050174,0.061498,22.6,↑,0.392857,NS,11/15,5,3
Liver,B,il15_mtor,CR→AR,CR,AR,0.048066,0.061498,27.9,↑,0.2,NS,8/9,3,3
Liver,PlasmaB,il15_mtor,NL→IT,NL,IT,0.032446,0.039067,20.4,↑,0.536797,NS,19/30,6,5
Liver,PlasmaB,il15_mtor,NL→IA,NL,IA,0.032446,0.021987,-32.2,↓,0.792208,NS,17/30,6,5
Liver,PlasmaB,il15_mtor,NL→AR,NL,AR,0.032446,0.051668,59.2,↑,0.428571,NS,9/12,6,2
Liver,PlasmaB,il15_mtor,NL→CR,NL,CR,0.032446,0.031068,-4.2,↓,0.714286,NS,7/18,6,3
Liver,PlasmaB,il15_mtor,IT→IA,IT,IA,0.039067,0.021987,-43.7,↓,0.031746,*,23/25,5,5
Liver,PlasmaB,il15_mtor,IA→AR,IA,AR,0.021987,0.051668,135.0,↑,0.095238,†,10/10,5,2
Liver,PlasmaB,il15_mtor,CR→AR,CR,AR,0.031068,0.051668,66.3,↑,0.8,NS,4/6,3,2
Liver,Myeloid,immune_evasion,NL→IT,NL,IT,0.131839,0.169841,28.8,↑,0.177489,NS,23/30,6,5
Liver,Myeloid,immune_evasion,NL→IA,NL,IA,0.131839,0.14903,13.0,↑,0.428571,NS,20/30,6,5
Liver,Myeloid,immune_evasion,NL→AR,NL,AR,0.131839,0.181559,37.7,↑,0.047619,*,17/18,6,3
Liver,Myeloid,immune_evasion,NL→CR,NL,CR,0.131839,0.130681,-0.9,↓,1.0,NS,9/18,6,3
Liver,Myeloid,immune_evasion,IT→IA,IT,IA,0.169841,0.14903,-12.3,↓,0.420635,NS,17/25,5,5
Liver,Myeloid,immune_evasion,IA→AR,IA,AR,0.14903,0.181559,21.8,↑,0.25,NS,12/15,5,3
Liver,Myeloid,immune_evasion,CR→AR,CR,AR,0.130681,0.181559,38.9,↑,0.1,NS,9/9,3,3
Liver,CD4_T,immune_evasion,NL→IT,NL,IT,0.110514,0.103881,-6.0,↓,0.309524,NS,25/36,6,6
Liver,CD4_T,immune_evasion,NL→IA,NL,IA,0.110514,0.1009,-8.7,↓,0.536797,NS,19/30,6,5
Liver,CD4_T,immune_evasion,NL→AR,NL,AR,0.110514,0.091158,-17.5,↓,0.166667,NS,15/18,6,3
Liver,CD4_T,immune_evasion,NL→CR,NL,CR,0.110514,0.087036,-21.2,↓,0.261905,NS,14/18,6,3
Liver,CD4_T,immune_evasion,IT→IA,IT,IA,0.103881,0.1009,-2.9,↓,1.0,NS,15/30,6,5
Liver,CD4_T,immune_evasion,IA→AR,IA,AR,0.1009,0.091158,-9.7,↓,0.571429,NS,10/15,5,3
Liver,CD4_T,immune_evasion,CR→AR,CR,AR,0.087036,0.091158,4.7,↑,1.0,NS,5/9,3,3
Liver,CD8_T,immune_evasion,NL→IT,NL,IT,0.110926,0.107998,-2.6,↓,0.818182,NS,20/36,6,6
Liver,CD8_T,immune_evasion,NL→IA,NL,IA,0.110926,0.098602,-11.1,↓,0.792208,NS,17/30,6,5
Liver,CD8_T,immune_evasion,NL→AR,NL,AR,0.110926,0.088991,-19.8,↓,0.380952,NS,13/18,6,3
Liver,CD8_T,immune_evasion,NL→CR,NL,CR,0.110926,0.085341,-23.1,↓,0.261905,NS,14/18,6,3
Liver,CD8_T,immune_evasion,IT→IA,IT,IA,0.107998,0.098602,-8.7,↓,0.930736,NS,16/30,6,5
Liver,CD8_T,immune_evasion,IA→AR,IA,AR,0.098602,0.088991,-9.7,↓,0.571429,NS,10/15,5,3
Liver,CD8_T,immune_evasion,CR→AR,CR,AR,0.085341,0.088991,4.3,↑,1.0,NS,5/9,3,3
Liver,NK,immune_evasion,NL→IT,NL,IT,0.098265,0.096058,-2.2,↓,0.792208,NS,17/30,6,5
Liver,NK,immune_evasion,NL→IA,NL,IA,0.098265,0.089568,-8.9,↓,0.930736,NS,16/30,6,5
Liver,NK,immune_evasion,NL→AR,NL,AR,0.098265,0.078878,-19.7,↓,0.547619,NS,12/18,6,3
Liver,NK,immune_evasion,NL→CR,NL,CR,0.098265,0.082595,-15.9,↓,0.714286,NS,11/18,6,3
Liver,NK,immune_evasion,IT→IA,IT,IA,0.096058,0.089568,-6.8,↓,1.0,NS,12/25,5,5
Liver,NK,immune_evasion,IA→AR,IA,AR,0.089568,0.078878,-11.9,↓,0.571429,NS,10/15,5,3
Liver,NK,immune_evasion,CR→AR,CR,AR,0.082595,0.078878,-4.5,↓,0.7,NS,6/9,3,3
Liver,B,immune_evasion,NL→IT,NL,IT,0.035808,0.051826,44.7,↑,0.662338,NS,18/30,6,5
Liver,B,immune_evasion,NL→IA,NL,IA,0.035808,0.042349,18.3,↑,1.0,NS,15/30,6,5
Liver,B,immune_evasion,NL→AR,NL,AR,0.035808,0.04902,36.9,↑,0.547619,NS,12/18,6,3
Liver,B,immune_evasion,NL→CR,NL,CR,0.035808,0.037897,5.8,↑,1.0,NS,9/18,6,3
Liver,B,immune_evasion,IT→IA,IT,IA,0.051826,0.042349,-18.3,↓,1.0,NS,13/25,5,5
Liver,B,immune_evasion,IA→AR,IA,AR,0.042349,0.04902,15.8,↑,0.571429,NS,10/15,5,3
Liver,B,immune_evasion,CR→AR,CR,AR,0.037897,0.04902,29.3,↑,0.2,NS,8/9,3,3
Liver,PlasmaB,immune_evasion,NL→IT,NL,IT,0.040394,0.050216,24.3,↑,0.792208,NS,17/30,6,5
Liver,PlasmaB,immune_evasion,NL→IA,NL,IA,0.040394,0.040723,0.8,↑,0.930736,NS,14/30,6,5
Liver,PlasmaB,immune_evasion,NL→AR,NL,AR,0.040394,0.038067,-5.8,↓,1.0,NS,6/12,6,2
Liver,PlasmaB,immune_evasion,NL→CR,NL,CR,0.040394,0.03476,-13.9,↓,0.904762,NS,10/18,6,3
Liver,PlasmaB,immune_evasion,IT→IA,IT,IA,0.050216,0.040723,-18.9,↓,0.547619,NS,16/25,5,5
Liver,PlasmaB,immune_evasion,IA→AR,IA,AR,0.040723,0.038067,-6.5,↓,0.857143,NS,4/10,5,2
Liver,PlasmaB,immune_evasion,CR→AR,CR,AR,0.03476,0.038067,9.5,↑,1.0,NS,3/6,3,2
Liver,Myeloid,inflammasome,NL→IT,NL,IT,0.206714,0.24232,17.2,↑,0.329004,NS,21/30,6,5
Liver,Myeloid,inflammasome,NL→IA,NL,IA,0.206714,0.21078,2.0,↑,0.662338,NS,18/30,6,5
Liver,Myeloid,inflammasome,NL→AR,NL,AR,0.206714,0.290589,40.6,↑,0.166667,NS,15/18,6,3
Liver,Myeloid,inflammasome,NL→CR,NL,CR,0.206714,0.245614,18.8,↑,0.166667,NS,15/18,6,3
Liver,Myeloid,inflammasome,IT→IA,IT,IA,0.24232,0.21078,-13.0,↓,0.84127,NS,14/25,5,5
Liver,Myeloid,inflammasome,IA→AR,IA,AR,0.21078,0.290589,37.9,↑,0.571429,NS,10/15,5,3
Liver,Myeloid,inflammasome,CR→AR,CR,AR,0.245614,0.290589,18.3,↑,0.1,NS,9/9,3,3
Liver,CD4_T,inflammasome,NL→IT,NL,IT,0.035937,0.025653,-28.6,↓,0.179654,NS,27/36,6,6
Liver,CD4_T,inflammasome,NL→IA,NL,IA,0.035937,0.038849,8.1,↑,0.930736,NS,16/30,6,5
Liver,CD4_T,inflammasome,NL→AR,NL,AR,0.035937,0.04987,38.8,↑,0.380952,NS,13/18,6,3
Liver,CD4_T,inflammasome,NL→CR,NL,CR,0.035937,0.041172,14.6,↑,1.0,NS,9/18,6,3
Liver,CD4_T,inflammasome,IT→IA,IT,IA,0.025653,0.038849,51.4,↑,0.428571,NS,20/30,6,5
Liver,CD4_T,inflammasome,IA→AR,IA,AR,0.038849,0.04987,28.4,↑,0.571429,NS,10/15,5,3
Liver,CD4_T,inflammasome,CR→AR,CR,AR,0.041172,0.04987,21.1,↑,0.4,NS,7/9,3,3
Liver,CD8_T,inflammasome,NL→IT,NL,IT,0.030867,0.031844,3.2,↑,0.937229,NS,19/36,6,6
Liver,CD8_T,inflammasome,NL→IA,NL,IA,0.030867,0.042435,37.5,↑,0.329004,NS,21/30,6,5
Liver,CD8_T,inflammasome,NL→AR,NL,AR,0.030867,0.051977,68.4,↑,0.380952,NS,13/18,6,3
Liver,CD8_T,inflammasome,NL→CR,NL,CR,0.030867,0.043298,40.3,↑,0.547619,NS,12/18,6,3
Liver,CD8_T,inflammasome,IT→IA,IT,IA,0.031844,0.042435,33.3,↑,0.125541,NS,24/30,6,5
Liver,CD8_T,inflammasome,IA→AR,IA,AR,0.042435,0.051977,22.5,↑,0.785714,NS,9/15,5,3
Liver,CD8_T,inflammasome,CR→AR,CR,AR,0.043298,0.051977,20.0,↑,0.7,NS,6/9,3,3
Liver,NK,inflammasome,NL→IT,NL,IT,0.034015,0.032619,-4.1,↓,0.428571,NS,10/30,6,5
Liver,NK,inflammasome,NL→IA,NL,IA,0.034015,0.041499,22.0,↑,0.662338,NS,18/30,6,5
Liver,NK,inflammasome,NL→AR,NL,AR,0.034015,0.051319,50.9,↑,0.904762,NS,10/18,6,3
Liver,NK,inflammasome,NL→CR,NL,CR,0.034015,0.041847,23.0,↑,0.714286,NS,11/18,6,3
Liver,NK,inflammasome,IT→IA,IT,IA,0.032619,0.041499,27.2,↑,0.547619,NS,16/25,5,5
Liver,NK,inflammasome,IA→AR,IA,AR,0.041499,0.051319,23.7,↑,0.571429,NS,10/15,5,3
Liver,NK,inflammasome,CR→AR,CR,AR,0.041847,0.051319,22.6,↑,1.0,NS,5/9,3,3
Liver,B,inflammasome,NL→IT,NL,IT,0.01683,0.013065,-22.4,↓,0.645055,NS,17/30,6,5
Liver,B,inflammasome,NL→IA,NL,IA,0.01683,0.026577,57.9,↑,0.246753,NS,22/30,6,5
Liver,B,inflammasome,NL→AR,NL,AR,0.01683,0.026683,58.5,↑,0.261905,NS,14/18,6,3
Liver,B,inflammasome,NL→CR,NL,CR,0.01683,0.029649,76.2,↑,0.547619,NS,12/18,6,3
Liver,B,inflammasome,IT→IA,IT,IA,0.013065,0.026577,103.4,↑,0.142457,NS,20/25,5,5
Liver,B,inflammasome,IA→AR,IA,AR,0.026577,0.026683,0.4,↑,1.0,NS,8/15,5,3
Liver,B,inflammasome,CR→AR,CR,AR,0.029649,0.026683,-10.0,↓,1.0,NS,5/9,3,3
Liver,PlasmaB,inflammasome,NL→IT,NL,IT,0.013592,0.040081,194.9,↑,0.119846,NS,24/30,6,5
Liver,PlasmaB,inflammasome,NL→IA,NL,IA,0.013592,0.043093,217.0,↑,0.231045,NS,21/30,6,5
Liver,PlasmaB,inflammasome,NL→AR,NL,AR,0.013592,0.083558,514.7,↑,0.065133,†,12/12,6,2
Liver,PlasmaB,inflammasome,NL→CR,NL,CR,0.013592,0.073917,443.8,↑,0.027532,*,18/18,6,3
Liver,PlasmaB,inflammasome,IT→IA,IT,IA,0.040081,0.043093,7.5,↑,0.84127,NS,14/25,5,5
Liver,PlasmaB,inflammasome,IA→AR,IA,AR,0.043093,0.083558,93.9,↑,0.571429,NS,7/10,5,2
Liver,PlasmaB,inflammasome,CR→AR,CR,AR,0.073917,0.083558,13.0,↑,1.0,NS,3/6,3,2
Liver,Myeloid,memory_t,NL→IT,NL,IT,0.074496,0.111722,50.0,↑,0.030303,*,27/30,6,5
Liver,Myeloid,memory_t,NL→IA,NL,IA,0.074496,0.074404,-0.1,↓,0.930736,NS,16/30,6,5
Liver,Myeloid,memory_t,NL→AR,NL,AR,0.074496,0.099664,33.8,↑,0.166667,NS,15/18,6,3
Liver,Myeloid,memory_t,NL→CR,NL,CR,0.074496,0.085987,15.4,↑,0.714286,NS,11/18,6,3
Liver,Myeloid,memory_t,IT→IA,IT,IA,0.111722,0.074404,-33.4,↓,0.095238,†,21/25,5,5
Liver,Myeloid,memory_t,IA→AR,IA,AR,0.074404,0.099664,33.9,↑,0.142857,NS,13/15,5,3
Liver,Myeloid,memory_t,CR→AR,CR,AR,0.085987,0.099664,15.9,↑,1.0,NS,5/9,3,3
Liver,CD4_T,memory_t,NL→IT,NL,IT,0.207441,0.241035,16.2,↑,0.24026,NS,26/36,6,6
Liver,CD4_T,memory_t,NL→IA,NL,IA,0.207441,0.230479,11.1,↑,0.792208,NS,17/30,6,5
Liver,CD4_T,memory_t,NL→AR,NL,AR,0.207441,0.219688,5.9,↑,0.547619,NS,12/18,6,3
Liver,CD4_T,memory_t,NL→CR,NL,CR,0.207441,0.235437,13.5,↑,0.547619,NS,12/18,6,3
Liver,CD4_T,memory_t,IT→IA,IT,IA,0.241035,0.230479,-4.4,↓,0.930736,NS,16/30,6,5
Liver,CD4_T,memory_t,IA→AR,IA,AR,0.230479,0.219688,-4.7,↓,0.392857,NS,11/15,5,3
Liver,CD4_T,memory_t,CR→AR,CR,AR,0.235437,0.219688,-6.7,↓,0.7,NS,6/9,3,3
Liver,CD8_T,memory_t,NL→IT,NL,IT,0.186615,0.216328,15.9,↑,0.093074,†,29/36,6,6
Liver,CD8_T,memory_t,NL→IA,NL,IA,0.186615,0.18815,0.8,↑,1.0,NS,15/30,6,5
Liver,CD8_T,memory_t,NL→AR,NL,AR,0.186615,0.172798,-7.4,↓,0.714286,NS,11/18,6,3
Liver,CD8_T,memory_t,NL→CR,NL,CR,0.186615,0.190171,1.9,↑,0.714286,NS,11/18,6,3
Liver,CD8_T,memory_t,IT→IA,IT,IA,0.216328,0.18815,-13.0,↓,0.125541,NS,24/30,6,5
Liver,CD8_T,memory_t,IA→AR,IA,AR,0.18815,0.172798,-8.2,↓,0.571429,NS,10/15,5,3
Liver,CD8_T,memory_t,CR→AR,CR,AR,0.190171,0.172798,-9.1,↓,0.4,NS,7/9,3,3
Liver,NK,memory_t,NL→IT,NL,IT,0.094188,0.112234,19.2,↑,0.177489,NS,23/30,6,5
Liver,NK,memory_t,NL→IA,NL,IA,0.094188,0.113261,20.3,↑,0.082251,†,25/30,6,5
Liver,NK,memory_t,NL→AR,NL,AR,0.094188,0.117113,24.3,↑,0.095238,†,16/18,6,3
Liver,NK,memory_t,NL→CR,NL,CR,0.094188,0.12728,35.1,↑,0.02381,*,18/18,6,3
Liver,NK,memory_t,IT→IA,IT,IA,0.112234,0.113261,0.9,↑,1.0,NS,13/25,5,5
Liver,NK,memory_t,IA→AR,IA,AR,0.113261,0.117113,3.4,↑,1.0,NS,8/15,5,3
Liver,NK,memory_t,CR→AR,CR,AR,0.12728,0.117113,-8.0,↓,0.7,NS,6/9,3,3
Liver,B,memory_t,NL→IT,NL,IT,0.095618,0.095168,-0.5,↓,0.662338,NS,18/30,6,5
Liver,B,memory_t,NL→IA,NL,IA,0.095618,0.108394,13.4,↑,0.662338,NS,18/30,6,5
Liver,B,memory_t,NL→AR,NL,AR,0.095618,0.115335,20.6,↑,0.714286,NS,11/18,6,3
Liver,B,memory_t,NL→CR,NL,CR,0.095618,0.119983,25.5,↑,0.714286,NS,11/18,6,3
Liver,B,memory_t,IT→IA,IT,IA,0.095168,0.108394,13.9,↑,0.420635,NS,17/25,5,5
Liver,B,memory_t,IA→AR,IA,AR,0.108394,0.115335,6.4,↑,1.0,NS,7/15,5,3
Liver,B,memory_t,CR→AR,CR,AR,0.119983,0.115335,-3.9,↓,1.0,NS,5/9,3,3
Liver,PlasmaB,memory_t,NL→IT,NL,IT,0.055734,0.069152,24.1,↑,0.428571,NS,20/30,6,5
Liver,PlasmaB,memory_t,NL→IA,NL,IA,0.055734,0.082085,47.3,↑,0.125541,NS,24/30,6,5
Liver,PlasmaB,memory_t,NL→AR,NL,AR,0.055734,0.060177,8.0,↑,0.642857,NS,8/12,6,2
Liver,PlasmaB,memory_t,NL→CR,NL,CR,0.055734,0.070552,26.6,↑,0.547619,NS,12/18,6,3
Liver,PlasmaB,memory_t,IT→IA,IT,IA,0.069152,0.082085,18.7,↑,0.84127,NS,14/25,5,5
Liver,PlasmaB,memory_t,IA→AR,IA,AR,0.082085,0.060177,-26.7,↓,0.380952,NS,8/10,5,2
Liver,PlasmaB,memory_t,CR→AR,CR,AR,0.070552,0.060177,-14.7,↓,1.0,NS,3/6,3,2
Liver,Myeloid,metabolic_recovery,NL→IT,NL,IT,0.013391,0.007622,-43.1,↓,0.360216,NS,20/30,6,5
Liver,Myeloid,metabolic_recovery,NL→IA,NL,IA,0.013391,0.007499,-44.0,↓,0.454772,NS,18/30,6,5
Liver,Myeloid,metabolic_recovery,NL→AR,NL,AR,0.013391,0.027347,104.2,↑,0.547619,NS,12/18,6,3
Liver,Myeloid,metabolic_recovery,NL→CR,NL,CR,0.013391,0.009382,-29.9,↓,0.261905,NS,14/18,6,3
Liver,Myeloid,metabolic_recovery,IT→IA,IT,IA,0.007622,0.007499,-1.6,↓,0.746476,NS,13/25,5,5
Liver,Myeloid,metabolic_recovery,IA→AR,IA,AR,0.007499,0.027347,264.7,↑,0.2217,NS,12/15,5,3
Liver,Myeloid,metabolic_recovery,CR→AR,CR,AR,0.009382,0.027347,191.5,↑,0.7,NS,6/9,3,3
Liver,CD4_T,metabolic_recovery,NL→IT,NL,IT,0.024936,0.026073,4.6,↑,0.818182,NS,16/36,6,6
Liver,CD4_T,metabolic_recovery,NL→IA,NL,IA,0.024936,0.021919,-12.1,↓,0.428571,NS,20/30,6,5
Liver,CD4_T,metabolic_recovery,NL→AR,NL,AR,0.024936,0.021222,-14.9,↓,0.547619,NS,12/18,6,3
Liver,CD4_T,metabolic_recovery,NL→CR,NL,CR,0.024936,0.026862,7.7,↑,0.714286,NS,11/18,6,3
Liver,CD4_T,metabolic_recovery,IT→IA,IT,IA,0.026073,0.021919,-15.9,↓,0.329004,NS,21/30,6,5
Liver,CD4_T,metabolic_recovery,IA→AR,IA,AR,0.021919,0.021222,-3.2,↓,0.571429,NS,10/15,5,3
Liver,CD4_T,metabolic_recovery,CR→AR,CR,AR,0.026862,0.021222,-21.0,↓,0.4,NS,7/9,3,3
Liver,CD8_T,metabolic_recovery,NL→IT,NL,IT,0.022605,0.027714,22.6,↑,0.818182,NS,20/36,6,6
Liver,CD8_T,metabolic_recovery,NL→IA,NL,IA,0.022605,0.023195,2.6,↑,0.930736,NS,16/30,6,5
Liver,CD8_T,metabolic_recovery,NL→AR,NL,AR,0.022605,0.024668,9.1,↑,0.904762,NS,10/18,6,3
Liver,CD8_T,metabolic_recovery,NL→CR,NL,CR,0.022605,0.029111,28.8,↑,0.261905,NS,14/18,6,3
Liver,CD8_T,metabolic_recovery,IT→IA,IT,IA,0.027714,0.023195,-16.3,↓,0.930736,NS,16/30,6,5
Liver,CD8_T,metabolic_recovery,IA→AR,IA,AR,0.023195,0.024668,6.4,↑,0.571429,NS,10/15,5,3
Liver,CD8_T,metabolic_recovery,CR→AR,CR,AR,0.029111,0.024668,-15.3,↓,0.4,NS,7/9,3,3
Liver,NK,metabolic_recovery,NL→IT,NL,IT,0.025789,0.022122,-14.2,↓,0.329004,NS,21/30,6,5
Liver,NK,metabolic_recovery,NL→IA,NL,IA,0.025789,0.022002,-14.7,↓,0.125541,NS,24/30,6,5
Liver,NK,metabolic_recovery,NL→AR,NL,AR,0.025789,0.026126,1.3,↑,1.0,NS,9/18,6,3
Liver,NK,metabolic_recovery,NL→CR,NL,CR,0.025789,0.030051,16.5,↑,0.714286,NS,11/18,6,3
Liver,NK,metabolic_recovery,IT→IA,IT,IA,0.022122,0.022002,-0.5,↓,1.0,NS,12/25,5,5
Liver,NK,metabolic_recovery,IA→AR,IA,AR,0.022002,0.026126,18.7,↑,0.142857,NS,13/15,5,3
Liver,NK,metabolic_recovery,CR→AR,CR,AR,0.030051,0.026126,-13.1,↓,0.7,NS,6/9,3,3
Liver,B,metabolic_recovery,NL→IT,NL,IT,0.018365,0.051634,181.2,↑,0.119846,NS,24/30,6,5
Liver,B,metabolic_recovery,NL→IA,NL,IA,0.018365,0.025111,36.7,↑,0.647329,NS,18/30,6,5
Liver,B,metabolic_recovery,NL→AR,NL,AR,0.018365,0.0155,-15.6,↓,0.697334,NS,11/18,6,3
Liver,B,metabolic_recovery,NL→CR,NL,CR,0.018365,0.029018,58.0,↑,0.36415,NS,13/18,6,3
Liver,B,metabolic_recovery,IT→IA,IT,IA,0.051634,0.025111,-51.4,↓,0.095238,†,21/25,5,5
Liver,B,metabolic_recovery,IA→AR,IA,AR,0.025111,0.0155,-38.3,↓,0.035714,*,15/15,5,3
Liver,B,metabolic_recovery,CR→AR,CR,AR,0.029018,0.0155,-46.6,↓,0.4,NS,7/9,3,3
Liver,PlasmaB,metabolic_recovery,NL→IT,NL,IT,0.016636,0.008274,-50.3,↓,0.407016,NS,19/30,6,5
Liver,PlasmaB,metabolic_recovery,NL→IA,NL,IA,0.016636,0.015436,-7.2,↓,0.782252,NS,16/30,6,5
Liver,PlasmaB,metabolic_recovery,NL→AR,NL,AR,0.016636,0.00372,-77.6,↓,0.285714,NS,10/12,6,2
Liver,PlasmaB,metabolic_recovery,NL→CR,NL,CR,0.016636,0.005339,-67.9,↓,0.261905,NS,14/18,6,3
Liver,PlasmaB,metabolic_recovery,IT→IA,IT,IA,0.008274,0.015436,86.6,↑,1.0,NS,11/25,5,5
Liver,PlasmaB,metabolic_recovery,IA→AR,IA,AR,0.015436,0.00372,-75.9,↓,1.0,NS,5/10,5,2
Liver,PlasmaB,metabolic_recovery,CR→AR,CR,AR,0.005339,0.00372,-30.3,↓,0.8,NS,4/6,3,2
Liver,Myeloid,mito_dysfunction,NL→IT,NL,IT,0.857273,0.928766,8.3,↑,0.246753,NS,22/30,6,5
Liver,Myeloid,mito_dysfunction,NL→IA,NL,IA,0.857273,0.886168,3.4,↑,0.930736,NS,16/30,6,5
Liver,Myeloid,mito_dysfunction,NL→AR,NL,AR,0.857273,0.950941,10.9,↑,0.095238,†,16/18,6,3
Liver,Myeloid,mito_dysfunction,NL→CR,NL,CR,0.857273,0.929354,8.4,↑,0.261905,NS,14/18,6,3
Liver,Myeloid,mito_dysfunction,IT→IA,IT,IA,0.928766,0.886168,-4.6,↓,0.420635,NS,17/25,5,5
Liver,Myeloid,mito_dysfunction,IA→AR,IA,AR,0.886168,0.950941,7.3,↑,0.25,NS,12/15,5,3
Liver,Myeloid,mito_dysfunction,CR→AR,CR,AR,0.929354,0.950941,2.3,↑,0.1,NS,9/9,3,3
Liver,CD4_T,mito_dysfunction,NL→IT,NL,IT,0.870234,0.905777,4.1,↑,0.132035,NS,28/36,6,6
Liver,CD4_T,mito_dysfunction,NL→IA,NL,IA,0.870234,0.885046,1.7,↑,0.792208,NS,17/30,6,5
Liver,CD4_T,mito_dysfunction,NL→AR,NL,AR,0.870234,0.911791,4.8,↑,0.047619,*,17/18,6,3
Liver,CD4_T,mito_dysfunction,NL→CR,NL,CR,0.870234,0.900407,3.5,↑,0.380952,NS,13/18,6,3
Liver,CD4_T,mito_dysfunction,IT→IA,IT,IA,0.905777,0.885046,-2.3,↓,0.792208,NS,17/30,6,5
Liver,CD4_T,mito_dysfunction,IA→AR,IA,AR,0.885046,0.911791,3.0,↑,0.785714,NS,9/15,5,3
Liver,CD4_T,mito_dysfunction,CR→AR,CR,AR,0.900407,0.911791,1.3,↑,0.7,NS,6/9,3,3
Liver,CD8_T,mito_dysfunction,NL→IT,NL,IT,0.865126,0.903308,4.4,↑,0.041126,*,31/36,6,6
Liver,CD8_T,mito_dysfunction,NL→IA,NL,IA,0.865126,0.880186,1.7,↑,0.428571,NS,20/30,6,5
Liver,CD8_T,mito_dysfunction,NL→AR,NL,AR,0.865126,0.90068,4.1,↑,0.166667,NS,15/18,6,3
Liver,CD8_T,mito_dysfunction,NL→CR,NL,CR,0.865126,0.873414,1.0,↑,0.904762,NS,10/18,6,3
Liver,CD8_T,mito_dysfunction,IT→IA,IT,IA,0.903308,0.880186,-2.6,↓,0.662338,NS,18/30,6,5
Liver,CD8_T,mito_dysfunction,IA→AR,IA,AR,0.880186,0.90068,2.3,↑,1.0,NS,8/15,5,3
Liver,CD8_T,mito_dysfunction,CR→AR,CR,AR,0.873414,0.90068,3.1,↑,0.4,NS,7/9,3,3
Liver,NK,mito_dysfunction,NL→IT,NL,IT,0.877956,0.908338,3.5,↑,0.125541,NS,24/30,6,5
Liver,NK,mito_dysfunction,NL→IA,NL,IA,0.877956,0.880357,0.3,↑,0.930736,NS,16/30,6,5
Liver,NK,mito_dysfunction,NL→AR,NL,AR,0.877956,0.908035,3.4,↑,0.261905,NS,14/18,6,3
Liver,NK,mito_dysfunction,NL→CR,NL,CR,0.877956,0.901435,2.7,↑,0.380952,NS,13/18,6,3
Liver,NK,mito_dysfunction,IT→IA,IT,IA,0.908338,0.880357,-3.1,↓,0.690476,NS,15/25,5,5
Liver,NK,mito_dysfunction,IA→AR,IA,AR,0.880357,0.908035,3.1,↑,0.571429,NS,10/15,5,3
Liver,NK,mito_dysfunction,CR→AR,CR,AR,0.901435,0.908035,0.7,↑,1.0,NS,5/9,3,3
Liver,B,mito_dysfunction,NL→IT,NL,IT,0.930919,0.949837,2.0,↑,0.246753,NS,22/30,6,5
Liver,B,mito_dysfunction,NL→IA,NL,IA,0.930919,0.905769,-2.7,↓,0.662338,NS,18/30,6,5
Liver,B,mito_dysfunction,NL→AR,NL,AR,0.930919,0.942381,1.2,↑,0.714286,NS,11/18,6,3
Liver,B,mito_dysfunction,NL→CR,NL,CR,0.930919,0.949756,2.0,↑,0.380952,NS,13/18,6,3
Liver,B,mito_dysfunction,IT→IA,IT,IA,0.949837,0.905769,-4.6,↓,0.095238,†,21/25,5,5
Liver,B,mito_dysfunction,IA→AR,IA,AR,0.905769,0.942381,4.0,↑,0.25,NS,12/15,5,3
Liver,B,mito_dysfunction,CR→AR,CR,AR,0.949756,0.942381,-0.8,↓,1.0,NS,4/9,3,3
Liver,PlasmaB,mito_dysfunction,NL→IT,NL,IT,0.905643,0.905007,-0.1,↓,1.0,NS,15/30,6,5
Liver,PlasmaB,mito_dysfunction,NL→IA,NL,IA,0.905643,0.92444,2.1,↑,0.930736,NS,16/30,6,5
Liver,PlasmaB,mito_dysfunction,NL→AR,NL,AR,0.905643,0.934234,3.2,↑,0.642857,NS,8/12,6,2
Liver,PlasmaB,mito_dysfunction,NL→CR,NL,CR,0.905643,0.901367,-0.5,↓,0.904762,NS,10/18,6,3
Liver,PlasmaB,mito_dysfunction,IT→IA,IT,IA,0.905007,0.92444,2.1,↑,0.690476,NS,15/25,5,5
Liver,PlasmaB,mito_dysfunction,IA→AR,IA,AR,0.92444,0.934234,1.1,↑,0.380952,NS,8/10,5,2
Liver,PlasmaB,mito_dysfunction,CR→AR,CR,AR,0.901367,0.934234,3.6,↑,0.2,NS,6/6,3,2
Liver,Myeloid,naive_t,NL→IT,NL,IT,0.040227,0.074041,84.1,↑,0.177489,NS,23/30,6,5
Liver,Myeloid,naive_t,NL→IA,NL,IA,0.040227,0.037738,-6.2,↓,0.536797,NS,19/30,6,5
Liver,Myeloid,naive_t,NL→AR,NL,AR,0.040227,0.029733,-26.1,↓,0.904762,NS,10/18,6,3
Liver,Myeloid,naive_t,NL→CR,NL,CR,0.040227,0.04012,-0.3,↓,1.0,NS,9/18,6,3
Liver,Myeloid,naive_t,IT→IA,IT,IA,0.074041,0.037738,-49.0,↓,0.222222,NS,19/25,5,5
Liver,Myeloid,naive_t,IA→AR,IA,AR,0.037738,0.029733,-21.2,↓,1.0,NS,7/15,5,3
Liver,Myeloid,naive_t,CR→AR,CR,AR,0.04012,0.029733,-25.9,↓,1.0,NS,5/9,3,3
Liver,CD4_T,naive_t,NL→IT,NL,IT,0.195769,0.210088,7.3,↑,0.818182,NS,20/36,6,6
Liver,CD4_T,naive_t,NL→IA,NL,IA,0.195769,0.241479,23.3,↑,0.536797,NS,19/30,6,5
Liver,CD4_T,naive_t,NL→AR,NL,AR,0.195769,0.176743,-9.7,↓,1.0,NS,9/18,6,3
Liver,CD4_T,naive_t,NL→CR,NL,CR,0.195769,0.197331,0.8,↑,1.0,NS,9/18,6,3
Liver,CD4_T,naive_t,IT→IA,IT,IA,0.210088,0.241479,14.9,↑,0.930736,NS,16/30,6,5
Liver,CD4_T,naive_t,IA→AR,IA,AR,0.241479,0.176743,-26.8,↓,0.25,NS,12/15,5,3
Liver,CD4_T,naive_t,CR→AR,CR,AR,0.197331,0.176743,-10.4,↓,0.7,NS,6/9,3,3
Liver,CD8_T,naive_t,NL→IT,NL,IT,0.128142,0.145314,13.4,↑,0.484848,NS,23/36,6,6
Liver,CD8_T,naive_t,NL→IA,NL,IA,0.128142,0.134092,4.6,↑,0.329004,NS,9/30,6,5
Liver,CD8_T,naive_t,NL→AR,NL,AR,0.128142,0.071058,-44.5,↓,0.047619,*,17/18,6,3
Liver,CD8_T,naive_t,NL→CR,NL,CR,0.128142,0.079534,-37.9,↓,0.047619,*,17/18,6,3
Liver,CD8_T,naive_t,IT→IA,IT,IA,0.145314,0.134092,-7.7,↓,0.329004,NS,21/30,6,5
Liver,CD8_T,naive_t,IA→AR,IA,AR,0.134092,0.071058,-47.0,↓,0.571429,NS,10/15,5,3
Liver,CD8_T,naive_t,CR→AR,CR,AR,0.079534,0.071058,-10.7,↓,1.0,NS,5/9,3,3
Liver,NK,naive_t,NL→IT,NL,IT,0.033236,0.048951,47.3,↑,0.051948,†,26/30,6,5
Liver,NK,naive_t,NL→IA,NL,IA,0.033236,0.054633,64.4,↑,0.030303,*,27/30,6,5
Liver,NK,naive_t,NL→AR,NL,AR,0.033236,0.044103,32.7,↑,0.380952,NS,13/18,6,3
Liver,NK,naive_t,NL→CR,NL,CR,0.033236,0.038893,17.0,↑,0.380952,NS,13/18,6,3
Liver,NK,naive_t,IT→IA,IT,IA,0.048951,0.054633,11.6,↑,0.84127,NS,14/25,5,5
Liver,NK,naive_t,IA→AR,IA,AR,0.054633,0.044103,-19.3,↓,0.785714,NS,9/15,5,3
Liver,NK,naive_t,CR→AR,CR,AR,0.038893,0.044103,13.4,↑,0.4,NS,7/9,3,3
Liver,B,naive_t,NL→IT,NL,IT,0.106333,0.097925,-7.9,↓,0.930736,NS,16/30,6,5
Liver,B,naive_t,NL→IA,NL,IA,0.106333,0.120979,13.8,↑,0.930736,NS,16/30,6,5
Liver,B,naive_t,NL→AR,NL,AR,0.106333,0.150207,41.3,↑,0.380952,NS,13/18,6,3
Liver,B,naive_t,NL→CR,NL,CR,0.106333,0.15362,44.5,↑,0.380952,NS,13/18,6,3
Liver,B,naive_t,IT→IA,IT,IA,0.097925,0.120979,23.5,↑,0.420635,NS,17/25,5,5
Liver,B,naive_t,IA→AR,IA,AR,0.120979,0.150207,24.2,↑,0.392857,NS,11/15,5,3
Liver,B,naive_t,CR→AR,CR,AR,0.15362,0.150207,-2.2,↓,1.0,NS,5/9,3,3
Liver,PlasmaB,naive_t,NL→IT,NL,IT,0.046124,0.082966,79.9,↑,0.246753,NS,22/30,6,5
Liver,PlasmaB,naive_t,NL→IA,NL,IA,0.046124,0.086672,87.9,↑,0.246753,NS,22/30,6,5
Liver,PlasmaB,naive_t,NL→AR,NL,AR,0.046124,0.095204,106.4,↑,0.285714,NS,10/12,6,2
Liver,PlasmaB,naive_t,NL→CR,NL,CR,0.046124,0.079446,72.2,↑,0.380952,NS,13/18,6,3
Liver,PlasmaB,naive_t,IT→IA,IT,IA,0.082966,0.086672,4.5,↑,0.84127,NS,11/25,5,5
Liver,PlasmaB,naive_t,IA→AR,IA,AR,0.086672,0.095204,9.8,↑,0.380952,NS,8/10,5,2
Liver,PlasmaB,naive_t,CR→AR,CR,AR,0.079446,0.095204,19.8,↑,0.8,NS,4/6,3,2
Liver,Myeloid,nk_function,NL→IT,NL,IT,0.000164,4.9e-05,-69.9,↓,0.425806,NS,15/30,6,5
Liver,Myeloid,nk_function,NL→IA,NL,IA,0.000164,0.004223,2480.3,↑,0.842187,NS,9/30,6,5
Liver,Myeloid,nk_function,NL→AR,NL,AR,0.000164,0.000827,405.5,↑,1.0,NS,6/18,6,3
Liver,Myeloid,nk_function,NL→CR,NL,CR,0.000164,8.4e-05,-48.8,↓,0.787406,NS,9/18,6,3
Liver,Myeloid,nk_function,IT→IA,IT,IA,4.9e-05,0.004223,8476.2,↑,0.724082,NS,10/25,5,5
Liver,Myeloid,nk_function,IA→AR,IA,AR,0.004223,0.000827,-80.4,↓,1.0,NS,5/15,5,3
Liver,Myeloid,nk_function,CR→AR,CR,AR,8.4e-05,0.000827,886.7,↑,1.0,NS,3/9,3,3
Liver,CD4_T,nk_function,NL→IT,NL,IT,0.039834,0.033438,-16.1,↓,0.588745,NS,22/36,6,6
Liver,CD4_T,nk_function,NL→IA,NL,IA,0.039834,0.023296,-41.5,↓,0.177489,NS,23/30,6,5
Liver,CD4_T,nk_function,NL→AR,NL,AR,0.039834,0.03461,-13.1,↓,0.714286,NS,11/18,6,3
Liver,CD4_T,nk_function,NL→CR,NL,CR,0.039834,0.044172,10.9,↑,0.904762,NS,10/18,6,3
Liver,CD4_T,nk_function,IT→IA,IT,IA,0.033438,0.023296,-30.3,↓,0.329004,NS,21/30,6,5
Liver,CD4_T,nk_function,IA→AR,IA,AR,0.023296,0.03461,48.6,↑,0.571429,NS,10/15,5,3
Liver,CD4_T,nk_function,CR→AR,CR,AR,0.044172,0.03461,-21.6,↓,0.7,NS,6/9,3,3
Liver,CD8_T,nk_function,NL→IT,NL,IT,0.08445,0.072248,-14.4,↓,0.309524,NS,25/36,6,6
Liver,CD8_T,nk_function,NL→IA,NL,IA,0.08445,0.056746,-32.8,↓,0.246753,NS,22/30,6,5
Liver,CD8_T,nk_function,NL→AR,NL,AR,0.08445,0.076303,-9.6,↓,1.0,NS,9/18,6,3
Liver,CD8_T,nk_function,NL→CR,NL,CR,0.08445,0.084412,-0.0,↓,0.547619,NS,6/18,6,3
Liver,CD8_T,nk_function,IT→IA,IT,IA,0.072248,0.056746,-21.5,↓,0.536797,NS,19/30,6,5
Liver,CD8_T,nk_function,IA→AR,IA,AR,0.056746,0.076303,34.5,↑,0.392857,NS,11/15,5,3
Liver,CD8_T,nk_function,CR→AR,CR,AR,0.084412,0.076303,-9.6,↓,0.7,NS,6/9,3,3
Liver,NK,nk_function,NL→IT,NL,IT,0.194853,0.199536,2.4,↑,0.662338,NS,18/30,6,5
Liver,NK,nk_function,NL→IA,NL,IA,0.194853,0.165527,-15.1,↓,0.051948,†,26/30,6,5
Liver,NK,nk_function,NL→AR,NL,AR,0.194853,0.193565,-0.7,↓,1.0,NS,9/18,6,3
Liver,NK,nk_function,NL→CR,NL,CR,0.194853,0.214196,9.9,↑,0.166667,NS,15/18,6,3
Liver,NK,nk_function,IT→IA,IT,IA,0.199536,0.165527,-17.0,↓,0.031746,*,23/25,5,5
Liver,NK,nk_function,IA→AR,IA,AR,0.165527,0.193565,16.9,↑,0.392857,NS,11/15,5,3
Liver,NK,nk_function,CR→AR,CR,AR,0.214196,0.193565,-9.6,↓,0.2,NS,8/9,3,3
Liver,B,nk_function,NL→IT,NL,IT,0.010105,0.00323,-68.0,↓,0.166994,NS,22/30,6,5
Liver,B,nk_function,NL→IA,NL,IA,0.010105,0.011117,10.0,↑,1.0,NS,15/30,6,5
Liver,B,nk_function,NL→AR,NL,AR,0.010105,0.018401,82.1,↑,0.261905,NS,14/18,6,3
Liver,B,nk_function,NL→CR,NL,CR,0.010105,0.010177,0.7,↑,1.0,NS,9/18,6,3
Liver,B,nk_function,IT→IA,IT,IA,0.00323,0.011117,244.2,↑,0.059327,†,22/25,5,5
Liver,B,nk_function,IA→AR,IA,AR,0.011117,0.018401,65.5,↑,0.571429,NS,10/15,5,3
Liver,B,nk_function,CR→AR,CR,AR,0.010177,0.018401,80.8,↑,0.7,NS,6/9,3,3
Liver,PlasmaB,nk_function,NL→IT,NL,IT,0.001811,0.0,-100.0,↓,0.104062,NS,15/30,6,5
Liver,PlasmaB,nk_function,NL→IA,NL,IA,0.001811,0.000177,-90.2,↓,0.341314,NS,14/30,6,5
Liver,PlasmaB,nk_function,NL→AR,NL,AR,0.001811,0.0,-100.0,↓,0.339728,NS,6/12,6,2
Liver,PlasmaB,nk_function,NL→CR,NL,CR,0.001811,0.0,-100.0,↓,0.219768,NS,9/18,6,3
Liver,PlasmaB,nk_function,IT→IA,IT,IA,0.0,0.000177,99999.0,↑,0.423711,NS,5/25,5,5
Liver,PlasmaB,nk_function,IA→AR,IA,AR,0.000177,0.0,-100.0,↓,0.75183,NS,2/10,5,2
Liver,PlasmaB,nk_function,CR→AR,CR,AR,0.0,0.0,0.0,↑,1.0,NS,0/6,3,2
Liver,Myeloid,nk_il15_dual,NL→IT,NL,IT,0.02792,0.051154,83.2,↑,0.051948,†,26/30,6,5
Liver,Myeloid,nk_il15_dual,NL→IA,NL,IA,0.02792,0.035619,27.6,↑,0.662338,NS,18/30,6,5
Liver,Myeloid,nk_il15_dual,NL→AR,NL,AR,0.02792,0.041205,47.6,↑,0.166667,NS,15/18,6,3
Liver,Myeloid,nk_il15_dual,NL→CR,NL,CR,0.02792,0.042267,51.4,↑,0.166667,NS,15/18,6,3
Liver,Myeloid,nk_il15_dual,IT→IA,IT,IA,0.051154,0.035619,-30.4,↓,0.690476,NS,15/25,5,5
Liver,Myeloid,nk_il15_dual,IA→AR,IA,AR,0.035619,0.041205,15.7,↑,0.571429,NS,10/15,5,3
Liver,Myeloid,nk_il15_dual,CR→AR,CR,AR,0.042267,0.041205,-2.5,↓,1.0,NS,5/9,3,3
Liver,CD4_T,nk_il15_dual,NL→IT,NL,IT,0.091294,0.091535,0.3,↑,1.0,NS,18/36,6,6
Liver,CD4_T,nk_il15_dual,NL→IA,NL,IA,0.091294,0.096032,5.2,↑,0.428571,NS,20/30,6,5
Liver,CD4_T,nk_il15_dual,NL→AR,NL,AR,0.091294,0.095663,4.8,↑,0.547619,NS,12/18,6,3
Liver,CD4_T,nk_il15_dual,NL→CR,NL,CR,0.091294,0.095893,5.0,↑,0.547619,NS,12/18,6,3
Liver,CD4_T,nk_il15_dual,IT→IA,IT,IA,0.091535,0.096032,4.9,↑,0.428571,NS,20/30,6,5
Liver,CD4_T,nk_il15_dual,IA→AR,IA,AR,0.096032,0.095663,-0.4,↓,1.0,NS,8/15,5,3
Liver,CD4_T,nk_il15_dual,CR→AR,CR,AR,0.095893,0.095663,-0.2,↓,1.0,NS,5/9,3,3
Liver,CD8_T,nk_il15_dual,NL→IT,NL,IT,0.092982,0.099671,7.2,↑,0.588745,NS,22/36,6,6
Liver,CD8_T,nk_il15_dual,NL→IA,NL,IA,0.092982,0.106379,14.4,↑,0.177489,NS,23/30,6,5
Liver,CD8_T,nk_il15_dual,NL→AR,NL,AR,0.092982,0.103314,11.1,↑,0.380952,NS,13/18,6,3
Liver,CD8_T,nk_il15_dual,NL→CR,NL,CR,0.092982,0.087485,-5.9,↓,0.547619,NS,12/18,6,3
Liver,CD8_T,nk_il15_dual,IT→IA,IT,IA,0.099671,0.106379,6.7,↑,0.246753,NS,22/30,6,5
Liver,CD8_T,nk_il15_dual,IA→AR,IA,AR,0.106379,0.103314,-2.9,↓,1.0,NS,8/15,5,3
Liver,CD8_T,nk_il15_dual,CR→AR,CR,AR,0.087485,0.103314,18.1,↑,0.2,NS,8/9,3,3
Liver,NK,nk_il15_dual,NL→IT,NL,IT,0.129746,0.149422,15.2,↑,0.428571,NS,20/30,6,5
Liver,NK,nk_il15_dual,NL→IA,NL,IA,0.129746,0.137509,6.0,↑,0.930736,NS,16/30,6,5
Liver,NK,nk_il15_dual,NL→AR,NL,AR,0.129746,0.132363,2.0,↑,1.0,NS,9/18,6,3
Liver,NK,nk_il15_dual,NL→CR,NL,CR,0.129746,0.153626,18.4,↑,0.166667,NS,15/18,6,3
Liver,NK,nk_il15_dual,IT→IA,IT,IA,0.149422,0.137509,-8.0,↓,0.420635,NS,17/25,5,5
Liver,NK,nk_il15_dual,IA→AR,IA,AR,0.137509,0.132363,-3.7,↓,0.785714,NS,6/15,5,3
Liver,NK,nk_il15_dual,CR→AR,CR,AR,0.153626,0.132363,-13.8,↓,0.1,NS,9/9,3,3
Liver,B,nk_il15_dual,NL→IT,NL,IT,0.087644,0.066682,-23.9,↓,0.428571,NS,20/30,6,5
Liver,B,nk_il15_dual,NL→IA,NL,IA,0.087644,0.060362,-31.1,↓,0.792208,NS,17/30,6,5
Liver,B,nk_il15_dual,NL→AR,NL,AR,0.087644,0.073546,-16.1,↓,0.714286,NS,7/18,6,3
Liver,B,nk_il15_dual,NL→CR,NL,CR,0.087644,0.059184,-32.5,↓,0.380952,NS,13/18,6,3
Liver,B,nk_il15_dual,IT→IA,IT,IA,0.066682,0.060362,-9.5,↓,1.0,NS,12/25,5,5
Liver,B,nk_il15_dual,IA→AR,IA,AR,0.060362,0.073546,21.8,↑,0.571429,NS,10/15,5,3
Liver,B,nk_il15_dual,CR→AR,CR,AR,0.059184,0.073546,24.3,↑,0.4,NS,7/9,3,3
Liver,PlasmaB,nk_il15_dual,NL→IT,NL,IT,0.037383,0.048834,30.6,↑,0.536797,NS,19/30,6,5
Liver,PlasmaB,nk_il15_dual,NL→IA,NL,IA,0.037383,0.027484,-26.5,↓,0.792208,NS,17/30,6,5
Liver,PlasmaB,nk_il15_dual,NL→AR,NL,AR,0.037383,0.064585,72.8,↑,0.285714,NS,10/12,6,2
Liver,PlasmaB,nk_il15_dual,NL→CR,NL,CR,0.037383,0.038836,3.9,↑,0.714286,NS,11/18,6,3
Liver,PlasmaB,nk_il15_dual,IT→IA,IT,IA,0.048834,0.027484,-43.7,↓,0.031746,*,23/25,5,5
Liver,PlasmaB,nk_il15_dual,IA→AR,IA,AR,0.027484,0.064585,135.0,↑,0.095238,†,10/10,5,2
Liver,PlasmaB,nk_il15_dual,CR→AR,CR,AR,0.038836,0.064585,66.3,↑,0.8,NS,4/6,3,2
Liver,Myeloid,oxphos,NL→IT,NL,IT,0.356631,0.413671,16.0,↑,0.082251,†,25/30,6,5
Liver,Myeloid,oxphos,NL→IA,NL,IA,0.356631,0.386529,8.4,↑,0.329004,NS,21/30,6,5
Liver,Myeloid,oxphos,NL→AR,NL,AR,0.356631,0.467847,31.2,↑,0.095238,†,16/18,6,3
Liver,Myeloid,oxphos,NL→CR,NL,CR,0.356631,0.435757,22.2,↑,0.047619,*,17/18,6,3
Liver,Myeloid,oxphos,IT→IA,IT,IA,0.413671,0.386529,-6.6,↓,0.84127,NS,14/25,5,5
Liver,Myeloid,oxphos,IA→AR,IA,AR,0.386529,0.467847,21.0,↑,0.25,NS,12/15,5,3
Liver,Myeloid,oxphos,CR→AR,CR,AR,0.435757,0.467847,7.4,↑,1.0,NS,4/9,3,3
Liver,CD4_T,oxphos,NL→IT,NL,IT,0.247679,0.271115,9.5,↑,0.309524,NS,25/36,6,6
Liver,CD4_T,oxphos,NL→IA,NL,IA,0.247679,0.267189,7.9,↑,1.0,NS,15/30,6,5
Liver,CD4_T,oxphos,NL→AR,NL,AR,0.247679,0.293175,18.4,↑,0.547619,NS,12/18,6,3
Liver,CD4_T,oxphos,NL→CR,NL,CR,0.247679,0.299867,21.1,↑,0.095238,†,16/18,6,3
Liver,CD4_T,oxphos,IT→IA,IT,IA,0.271115,0.267189,-1.4,↓,0.662338,NS,18/30,6,5
Liver,CD4_T,oxphos,IA→AR,IA,AR,0.267189,0.293175,9.7,↑,0.25,NS,12/15,5,3
Liver,CD4_T,oxphos,CR→AR,CR,AR,0.299867,0.293175,-2.2,↓,0.7,NS,6/9,3,3
Liver,CD8_T,oxphos,NL→IT,NL,IT,0.241878,0.285065,17.9,↑,0.093074,†,29/36,6,6
Liver,CD8_T,oxphos,NL→IA,NL,IA,0.241878,0.274913,13.7,↑,0.662338,NS,18/30,6,5
Liver,CD8_T,oxphos,NL→AR,NL,AR,0.241878,0.28361,17.3,↑,0.166667,NS,15/18,6,3
Liver,CD8_T,oxphos,NL→CR,NL,CR,0.241878,0.285042,17.8,↑,0.095238,†,16/18,6,3
Liver,CD8_T,oxphos,IT→IA,IT,IA,0.285065,0.274913,-3.6,↓,0.536797,NS,19/30,6,5
Liver,CD8_T,oxphos,IA→AR,IA,AR,0.274913,0.28361,3.2,↑,0.571429,NS,10/15,5,3
Liver,CD8_T,oxphos,CR→AR,CR,AR,0.285042,0.28361,-0.5,↓,1.0,NS,5/9,3,3
Liver,NK,oxphos,NL→IT,NL,IT,0.247884,0.271102,9.4,↑,0.329004,NS,21/30,6,5
Liver,NK,oxphos,NL→IA,NL,IA,0.247884,0.247009,-0.4,↓,1.0,NS,15/30,6,5
Liver,NK,oxphos,NL→AR,NL,AR,0.247884,0.265489,7.1,↑,0.714286,NS,11/18,6,3
Liver,NK,oxphos,NL→CR,NL,CR,0.247884,0.281041,13.4,↑,0.380952,NS,13/18,6,3
Liver,NK,oxphos,IT→IA,IT,IA,0.271102,0.247009,-8.9,↓,0.420635,NS,17/25,5,5
Liver,NK,oxphos,IA→AR,IA,AR,0.247009,0.265489,7.5,↑,0.785714,NS,9/15,5,3
Liver,NK,oxphos,CR→AR,CR,AR,0.281041,0.265489,-5.5,↓,0.4,NS,7/9,3,3
Liver,B,oxphos,NL→IT,NL,IT,0.256185,0.265263,3.5,↑,0.536797,NS,19/30,6,5
Liver,B,oxphos,NL→IA,NL,IA,0.256185,0.24725,-3.5,↓,1.0,NS,15/30,6,5
Liver,B,oxphos,NL→AR,NL,AR,0.256185,0.255126,-0.4,↓,0.547619,NS,12/18,6,3
Liver,B,oxphos,NL→CR,NL,CR,0.256185,0.280304,9.4,↑,0.380952,NS,13/18,6,3
Liver,B,oxphos,IT→IA,IT,IA,0.265263,0.24725,-6.8,↓,0.547619,NS,16/25,5,5
Liver,B,oxphos,IA→AR,IA,AR,0.24725,0.255126,3.2,↑,1.0,NS,8/15,5,3
Liver,B,oxphos,CR→AR,CR,AR,0.280304,0.255126,-9.0,↓,0.1,NS,9/9,3,3
Liver,PlasmaB,oxphos,NL→IT,NL,IT,0.395924,0.385904,-2.5,↓,0.792208,NS,17/30,6,5
Liver,PlasmaB,oxphos,NL→IA,NL,IA,0.395924,0.423017,6.8,↑,0.792208,NS,17/30,6,5
Liver,PlasmaB,oxphos,NL→AR,NL,AR,0.395924,0.403481,1.9,↑,0.642857,NS,8/12,6,2
Liver,PlasmaB,oxphos,NL→CR,NL,CR,0.395924,0.472145,19.3,↑,0.261905,NS,14/18,6,3
Liver,PlasmaB,oxphos,IT→IA,IT,IA,0.385904,0.423017,9.6,↑,0.84127,NS,14/25,5,5
Liver,PlasmaB,oxphos,IA→AR,IA,AR,0.423017,0.403481,-4.6,↓,0.857143,NS,6/10,5,2
Liver,PlasmaB,oxphos,CR→AR,CR,AR,0.472145,0.403481,-14.5,↓,0.4,NS,5/6,3,2
Liver,Myeloid,proliferation,NL→IT,NL,IT,0.00685,0.012484,82.3,↑,0.213259,NS,20/30,6,5
Liver,Myeloid,proliferation,NL→IA,NL,IA,0.00685,0.002683,-60.8,↓,0.76521,NS,9/30,6,5
Liver,Myeloid,proliferation,NL→AR,NL,AR,0.00685,0.000833,-87.8,↓,0.878088,NS,6/18,6,3
Liver,Myeloid,proliferation,NL→CR,NL,CR,0.00685,0.000161,-97.7,↓,0.878088,NS,6/18,6,3
Liver,Myeloid,proliferation,IT→IA,IT,IA,0.012484,0.002683,-78.5,↓,0.204501,NS,18/25,5,5
Liver,Myeloid,proliferation,IA→AR,IA,AR,0.002683,0.000833,-69.0,↓,0.750751,NS,7/15,5,3
Liver,Myeloid,proliferation,CR→AR,CR,AR,0.000161,0.000833,418.4,↑,1.0,NS,3/9,3,3
Liver,CD4_T,proliferation,NL→IT,NL,IT,0.011023,0.010488,-4.9,↓,0.309524,NS,25/36,6,6
Liver,CD4_T,proliferation,NL→IA,NL,IA,0.011023,0.007311,-33.7,↓,0.125541,NS,24/30,6,5
Liver,CD4_T,proliferation,NL→AR,NL,AR,0.011023,0.008872,-19.5,↓,0.380952,NS,13/18,6,3
Liver,CD4_T,proliferation,NL→CR,NL,CR,0.011023,0.008564,-22.3,↓,0.547619,NS,12/18,6,3
Liver,CD4_T,proliferation,IT→IA,IT,IA,0.010488,0.007311,-30.3,↓,0.428571,NS,20/30,6,5
Liver,CD4_T,proliferation,IA→AR,IA,AR,0.007311,0.008872,21.4,↑,0.571429,NS,10/15,5,3
Liver,CD4_T,proliferation,CR→AR,CR,AR,0.008564,0.008872,3.6,↑,1.0,NS,5/9,3,3
Liver,CD8_T,proliferation,NL→IT,NL,IT,0.008822,0.006412,-27.3,↓,0.52111,NS,22/36,6,6
Liver,CD8_T,proliferation,NL→IA,NL,IA,0.008822,0.011443,29.7,↑,0.792208,NS,17/30,6,5
Liver,CD8_T,proliferation,NL→AR,NL,AR,0.008822,0.009129,3.5,↑,1.0,NS,9/18,6,3
Liver,CD8_T,proliferation,NL→CR,NL,CR,0.008822,0.008378,-5.0,↓,0.714286,NS,11/18,6,3
Liver,CD8_T,proliferation,IT→IA,IT,IA,0.006412,0.011443,78.5,↑,0.329004,NS,21/30,6,5
Liver,CD8_T,proliferation,IA→AR,IA,AR,0.011443,0.009129,-20.2,↓,0.785714,NS,6/15,5,3
Liver,CD8_T,proliferation,CR→AR,CR,AR,0.008378,0.009129,9.0,↑,1.0,NS,5/9,3,3
Liver,NK,proliferation,NL→IT,NL,IT,0.015664,0.010728,-31.5,↓,0.930736,NS,14/30,6,5
Liver,NK,proliferation,NL→IA,NL,IA,0.015664,0.00844,-46.1,↓,0.536797,NS,19/30,6,5
Liver,NK,proliferation,NL→AR,NL,AR,0.015664,0.006928,-55.8,↓,0.547619,NS,12/18,6,3
Liver,NK,proliferation,NL→CR,NL,CR,0.015664,0.006789,-56.7,↓,0.380952,NS,13/18,6,3
Liver,NK,proliferation,IT→IA,IT,IA,0.010728,0.00844,-21.3,↓,0.420635,NS,17/25,5,5
Liver,NK,proliferation,IA→AR,IA,AR,0.00844,0.006928,-17.9,↓,0.785714,NS,9/15,5,3
Liver,NK,proliferation,CR→AR,CR,AR,0.006789,0.006928,2.1,↑,1.0,NS,5/9,3,3
Liver,B,proliferation,NL→IT,NL,IT,0.006763,0.007368,8.9,↑,0.925558,NS,14/30,6,5
Liver,B,proliferation,NL→IA,NL,IA,0.006763,0.008816,30.4,↑,0.521869,NS,19/30,6,5
Liver,B,proliferation,NL→AR,NL,AR,0.006763,0.005124,-24.2,↓,1.0,NS,9/18,6,3
Liver,B,proliferation,NL→CR,NL,CR,0.006763,0.004176,-38.3,↓,0.896851,NS,8/18,6,3
Liver,B,proliferation,IT→IA,IT,IA,0.007368,0.008816,19.7,↑,0.675174,NS,15/25,5,5
Liver,B,proliferation,IA→AR,IA,AR,0.008816,0.005124,-41.9,↓,0.571429,NS,10/15,5,3
Liver,B,proliferation,CR→AR,CR,AR,0.004176,0.005124,22.7,↑,1.0,NS,4/9,3,3
Liver,PlasmaB,proliferation,NL→IT,NL,IT,0.015728,0.004372,-72.2,↓,0.632142,NS,15/30,6,5
Liver,PlasmaB,proliferation,NL→IA,NL,IA,0.015728,0.001395,-91.1,↓,0.244817,NS,15/30,6,5
Liver,PlasmaB,proliferation,NL→AR,NL,AR,0.015728,0.008414,-46.5,↓,1.0,NS,5/12,6,2
Liver,PlasmaB,proliferation,NL→CR,NL,CR,0.015728,0.0,-100.0,↓,0.219768,NS,9/18,6,3
Liver,PlasmaB,proliferation,IT→IA,IT,IA,0.004372,0.001395,-68.1,↓,0.239317,NS,14/25,5,5
Liver,PlasmaB,proliferation,IA→AR,IA,AR,0.001395,0.008414,502.9,↑,0.468717,NS,5/10,5,2
Liver,PlasmaB,proliferation,CR→AR,CR,AR,0.0,0.008414,99999.0,↑,0.414216,NS,3/6,3,2
Liver,Myeloid,senescence,NL→IT,NL,IT,0.101404,0.122892,21.2,↑,0.054681,†,26/30,6,5
Liver,Myeloid,senescence,NL→IA,NL,IA,0.101404,0.082701,-18.4,↓,0.410248,NS,20/30,6,5
Liver,Myeloid,senescence,NL→AR,NL,AR,0.101404,0.128646,26.9,↑,0.051822,†,17/18,6,3
Liver,Myeloid,senescence,NL→CR,NL,CR,0.101404,0.091592,-9.7,↓,0.896851,NS,8/18,6,3
Liver,Myeloid,senescence,IT→IA,IT,IA,0.122892,0.082701,-32.7,↓,0.031746,*,23/25,5,5
Liver,Myeloid,senescence,IA→AR,IA,AR,0.082701,0.128646,55.6,↑,0.142857,NS,13/15,5,3
Liver,Myeloid,senescence,CR→AR,CR,AR,0.091592,0.128646,40.5,↑,0.2,NS,8/9,3,3
Liver,CD4_T,senescence,NL→IT,NL,IT,0.081092,0.070301,-13.3,↓,0.093074,†,29/36,6,6
Liver,CD4_T,senescence,NL→IA,NL,IA,0.081092,0.0693,-14.5,↓,0.428571,NS,20/30,6,5
Liver,CD4_T,senescence,NL→AR,NL,AR,0.081092,0.059013,-27.2,↓,0.095238,†,16/18,6,3
Liver,CD4_T,senescence,NL→CR,NL,CR,0.081092,0.066913,-17.5,↓,0.380952,NS,13/18,6,3
Liver,CD4_T,senescence,IT→IA,IT,IA,0.070301,0.0693,-1.4,↓,0.792208,NS,13/30,6,5
Liver,CD4_T,senescence,IA→AR,IA,AR,0.0693,0.059013,-14.8,↓,0.571429,NS,10/15,5,3
Liver,CD4_T,senescence,CR→AR,CR,AR,0.066913,0.059013,-11.8,↓,0.4,NS,7/9,3,3
Liver,CD8_T,senescence,NL→IT,NL,IT,0.079503,0.073868,-7.1,↓,0.309524,NS,25/36,6,6
Liver,CD8_T,senescence,NL→IA,NL,IA,0.079503,0.062619,-21.2,↓,0.177489,NS,23/30,6,5
Liver,CD8_T,senescence,NL→AR,NL,AR,0.079503,0.055253,-30.5,↓,0.047619,*,17/18,6,3
Liver,CD8_T,senescence,NL→CR,NL,CR,0.079503,0.062648,-21.2,↓,0.380952,NS,13/18,6,3
Liver,CD8_T,senescence,IT→IA,IT,IA,0.073868,0.062619,-15.2,↓,0.536797,NS,19/30,6,5
Liver,CD8_T,senescence,IA→AR,IA,AR,0.062619,0.055253,-11.8,↓,0.392857,NS,11/15,5,3
Liver,CD8_T,senescence,CR→AR,CR,AR,0.062648,0.055253,-11.8,↓,1.0,NS,5/9,3,3
Liver,NK,senescence,NL→IT,NL,IT,0.068199,0.075485,10.7,↑,0.428571,NS,20/30,6,5
Liver,NK,senescence,NL→IA,NL,IA,0.068199,0.070112,2.8,↑,0.246753,NS,22/30,6,5
Liver,NK,senescence,NL→AR,NL,AR,0.068199,0.068748,0.8,↑,0.904762,NS,10/18,6,3
Liver,NK,senescence,NL→CR,NL,CR,0.068199,0.075351,10.5,↑,0.547619,NS,12/18,6,3
Liver,NK,senescence,IT→IA,IT,IA,0.075485,0.070112,-7.1,↓,0.547619,NS,9/25,5,5
Liver,NK,senescence,IA→AR,IA,AR,0.070112,0.068748,-1.9,↓,1.0,NS,8/15,5,3
Liver,NK,senescence,CR→AR,CR,AR,0.075351,0.068748,-8.8,↓,0.7,NS,6/9,3,3
Liver,B,senescence,NL→IT,NL,IT,0.085122,0.127254,49.5,↑,0.125541,NS,24/30,6,5
Liver,B,senescence,NL→IA,NL,IA,0.085122,0.08602,1.1,↑,0.662338,NS,12/30,6,5
Liver,B,senescence,NL→AR,NL,AR,0.085122,0.079306,-6.8,↓,0.380952,NS,13/18,6,3
Liver,B,senescence,NL→CR,NL,CR,0.085122,0.085668,0.6,↑,0.547619,NS,6/18,6,3
Liver,B,senescence,IT→IA,IT,IA,0.127254,0.08602,-32.4,↓,0.150794,NS,20/25,5,5
Liver,B,senescence,IA→AR,IA,AR,0.08602,0.079306,-7.8,↓,0.785714,NS,9/15,5,3
Liver,B,senescence,CR→AR,CR,AR,0.085668,0.079306,-7.4,↓,1.0,NS,5/9,3,3
Liver,PlasmaB,senescence,NL→IT,NL,IT,0.0965,0.132149,36.9,↑,0.329004,NS,21/30,6,5
Liver,PlasmaB,senescence,NL→IA,NL,IA,0.0965,0.115954,20.2,↑,0.536797,NS,19/30,6,5
Liver,PlasmaB,senescence,NL→AR,NL,AR,0.0965,0.078215,-18.9,↓,1.0,NS,6/12,6,2
Liver,PlasmaB,senescence,NL→CR,NL,CR,0.0965,0.075706,-21.5,↓,0.547619,NS,12/18,6,3
Liver,PlasmaB,senescence,IT→IA,IT,IA,0.132149,0.115954,-12.3,↓,0.420635,NS,17/25,5,5
Liver,PlasmaB,senescence,IA→AR,IA,AR,0.115954,0.078215,-32.5,↓,0.380952,NS,8/10,5,2
Liver,PlasmaB,senescence,CR→AR,CR,AR,0.075706,0.078215,3.3,↑,0.8,NS,2/6,3,2
Liver,Myeloid,stemness,NL→IT,NL,IT,0.028733,0.060163,109.4,↑,0.177489,NS,23/30,6,5
Liver,Myeloid,stemness,NL→IA,NL,IA,0.028733,0.031625,10.1,↑,0.792208,NS,13/30,6,5
Liver,Myeloid,stemness,NL→AR,NL,AR,0.028733,0.021238,-26.1,↓,0.904762,NS,10/18,6,3
Liver,Myeloid,stemness,NL→CR,NL,CR,0.028733,0.028657,-0.3,↓,1.0,NS,9/18,6,3
Liver,Myeloid,stemness,IT→IA,IT,IA,0.060163,0.031625,-47.4,↓,0.222222,NS,19/25,5,5
Liver,Myeloid,stemness,IA→AR,IA,AR,0.031625,0.021238,-32.8,↓,1.0,NS,8/15,5,3
Liver,Myeloid,stemness,CR→AR,CR,AR,0.028657,0.021238,-25.9,↓,1.0,NS,5/9,3,3
Liver,CD4_T,stemness,NL→IT,NL,IT,0.144677,0.159493,10.2,↑,0.588745,NS,22/36,6,6
Liver,CD4_T,stemness,NL→IA,NL,IA,0.144677,0.18144,25.4,↑,0.536797,NS,19/30,6,5
Liver,CD4_T,stemness,NL→AR,NL,AR,0.144677,0.129879,-10.2,↓,0.714286,NS,7/18,6,3
Liver,CD4_T,stemness,NL→CR,NL,CR,0.144677,0.148162,2.4,↑,1.0,NS,9/18,6,3
Liver,CD4_T,stemness,IT→IA,IT,IA,0.159493,0.18144,13.8,↑,0.662338,NS,18/30,6,5
Liver,CD4_T,stemness,IA→AR,IA,AR,0.18144,0.129879,-28.4,↓,0.25,NS,12/15,5,3
Liver,CD4_T,stemness,CR→AR,CR,AR,0.148162,0.129879,-12.3,↓,0.7,NS,6/9,3,3
Liver,CD8_T,stemness,NL→IT,NL,IT,0.095149,0.112356,18.1,↑,0.484848,NS,23/36,6,6
Liver,CD8_T,stemness,NL→IA,NL,IA,0.095149,0.100795,5.9,↑,0.329004,NS,9/30,6,5
Liver,CD8_T,stemness,NL→AR,NL,AR,0.095149,0.052614,-44.7,↓,0.047619,*,17/18,6,3
Liver,CD8_T,stemness,NL→CR,NL,CR,0.095149,0.059871,-37.1,↓,0.047619,*,17/18,6,3
Liver,CD8_T,stemness,IT→IA,IT,IA,0.112356,0.100795,-10.3,↓,0.246753,NS,22/30,6,5
Liver,CD8_T,stemness,IA→AR,IA,AR,0.100795,0.052614,-47.8,↓,0.392857,NS,11/15,5,3
Liver,CD8_T,stemness,CR→AR,CR,AR,0.059871,0.052614,-12.1,↓,1.0,NS,5/9,3,3
Liver,NK,stemness,NL→IT,NL,IT,0.0258,0.038071,47.6,↑,0.030303,*,27/30,6,5
Liver,NK,stemness,NL→IA,NL,IA,0.0258,0.041943,62.6,↑,0.030303,*,27/30,6,5
Liver,NK,stemness,NL→AR,NL,AR,0.0258,0.033187,28.6,↑,0.166667,NS,15/18,6,3
Liver,NK,stemness,NL→CR,NL,CR,0.0258,0.031994,24.0,↑,0.261905,NS,14/18,6,3
Liver,NK,stemness,IT→IA,IT,IA,0.038071,0.041943,10.2,↑,0.547619,NS,16/25,5,5
Liver,NK,stemness,IA→AR,IA,AR,0.041943,0.033187,-20.9,↓,0.392857,NS,11/15,5,3
Liver,NK,stemness,CR→AR,CR,AR,0.031994,0.033187,3.7,↑,1.0,NS,5/9,3,3
Liver,B,stemness,NL→IT,NL,IT,0.09837,0.106067,7.8,↑,0.792208,NS,17/30,6,5
Liver,B,stemness,NL→IA,NL,IA,0.09837,0.1155,17.4,↑,0.792208,NS,17/30,6,5
Liver,B,stemness,NL→AR,NL,AR,0.09837,0.122493,24.5,↑,0.714286,NS,11/18,6,3
Liver,B,stemness,NL→CR,NL,CR,0.09837,0.154808,57.4,↑,0.380952,NS,13/18,6,3
Liver,B,stemness,IT→IA,IT,IA,0.106067,0.1155,8.9,↑,0.420635,NS,17/25,5,5
Liver,B,stemness,IA→AR,IA,AR,0.1155,0.122493,6.1,↑,1.0,NS,8/15,5,3
Liver,B,stemness,CR→AR,CR,AR,0.154808,0.122493,-20.9,↓,0.2,NS,8/9,3,3
Liver,PlasmaB,stemness,NL→IT,NL,IT,0.036944,0.063194,71.1,↑,0.246753,NS,22/30,6,5
Liver,PlasmaB,stemness,NL→IA,NL,IA,0.036944,0.067769,83.4,↑,0.246753,NS,22/30,6,5
Liver,PlasmaB,stemness,NL→AR,NL,AR,0.036944,0.074235,100.9,↑,0.428571,NS,9/12,6,2
Liver,PlasmaB,stemness,NL→CR,NL,CR,0.036944,0.062587,69.4,↑,0.261905,NS,14/18,6,3
Liver,PlasmaB,stemness,IT→IA,IT,IA,0.063194,0.067769,7.2,↑,1.0,NS,12/25,5,5
Liver,PlasmaB,stemness,IA→AR,IA,AR,0.067769,0.074235,9.5,↑,0.857143,NS,6/10,5,2
Liver,PlasmaB,stemness,CR→AR,CR,AR,0.062587,0.074235,18.6,↑,0.8,NS,4/6,3,2
Liver,Myeloid,tf_programs,NL→IT,NL,IT,0.019204,0.020509,6.8,↑,0.930736,NS,16/30,6,5
Liver,Myeloid,tf_programs,NL→IA,NL,IA,0.019204,0.029042,51.2,↑,0.246753,NS,22/30,6,5
Liver,Myeloid,tf_programs,NL→AR,NL,AR,0.019204,0.015491,-19.3,↓,0.904762,NS,10/18,6,3
Liver,Myeloid,tf_programs,NL→CR,NL,CR,0.019204,0.025411,32.3,↑,0.714286,NS,11/18,6,3
Liver,Myeloid,tf_programs,IT→IA,IT,IA,0.020509,0.029042,41.6,↑,0.690476,NS,15/25,5,5
Liver,Myeloid,tf_programs,IA→AR,IA,AR,0.029042,0.015491,-46.7,↓,0.571429,NS,10/15,5,3
Liver,Myeloid,tf_programs,CR→AR,CR,AR,0.025411,0.015491,-39.0,↓,0.7,NS,6/9,3,3
Liver,CD4_T,tf_programs,NL→IT,NL,IT,0.066771,0.073302,9.8,↑,0.818182,NS,20/36,6,6
Liver,CD4_T,tf_programs,NL→IA,NL,IA,0.066771,0.057909,-13.3,↓,0.428571,NS,20/30,6,5
Liver,CD4_T,tf_programs,NL→AR,NL,AR,0.066771,0.058328,-12.6,↓,0.261905,NS,14/18,6,3
Liver,CD4_T,tf_programs,NL→CR,NL,CR,0.066771,0.065794,-1.5,↓,1.0,NS,9/18,6,3
Liver,CD4_T,tf_programs,IT→IA,IT,IA,0.073302,0.057909,-21.0,↓,0.536797,NS,19/30,6,5
Liver,CD4_T,tf_programs,IA→AR,IA,AR,0.057909,0.058328,0.7,↑,0.785714,NS,6/15,5,3
Liver,CD4_T,tf_programs,CR→AR,CR,AR,0.065794,0.058328,-11.3,↓,0.7,NS,6/9,3,3
Liver,CD8_T,tf_programs,NL→IT,NL,IT,0.077149,0.089387,15.9,↑,0.24026,NS,26/36,6,6
Liver,CD8_T,tf_programs,NL→IA,NL,IA,0.077149,0.075192,-2.5,↓,0.792208,NS,13/30,6,5
Liver,CD8_T,tf_programs,NL→AR,NL,AR,0.077149,0.071285,-7.6,↓,0.380952,NS,13/18,6,3
Liver,CD8_T,tf_programs,NL→CR,NL,CR,0.077149,0.079526,3.1,↑,0.904762,NS,10/18,6,3
Liver,CD8_T,tf_programs,IT→IA,IT,IA,0.089387,0.075192,-15.9,↓,0.536797,NS,19/30,6,5
Liver,CD8_T,tf_programs,IA→AR,IA,AR,0.075192,0.071285,-5.2,↓,0.571429,NS,10/15,5,3
Liver,CD8_T,tf_programs,CR→AR,CR,AR,0.079526,0.071285,-10.4,↓,0.7,NS,6/9,3,3
Liver,NK,tf_programs,NL→IT,NL,IT,0.080639,0.093489,15.9,↑,0.246753,NS,22/30,6,5
Liver,NK,tf_programs,NL→IA,NL,IA,0.080639,0.076345,-5.3,↓,0.792208,NS,17/30,6,5
Liver,NK,tf_programs,NL→AR,NL,AR,0.080639,0.071803,-11.0,↓,0.547619,NS,12/18,6,3
Liver,NK,tf_programs,NL→CR,NL,CR,0.080639,0.091315,13.2,↑,0.547619,NS,12/18,6,3
Liver,NK,tf_programs,IT→IA,IT,IA,0.093489,0.076345,-18.3,↓,0.150794,NS,20/25,5,5
Liver,NK,tf_programs,IA→AR,IA,AR,0.076345,0.071803,-5.9,↓,0.392857,NS,11/15,5,3
Liver,NK,tf_programs,CR→AR,CR,AR,0.091315,0.071803,-21.4,↓,0.7,NS,6/9,3,3
Liver,B,tf_programs,NL→IT,NL,IT,0.010204,0.012529,22.8,↑,0.464192,NS,19/30,6,5
Liver,B,tf_programs,NL→IA,NL,IA,0.010204,0.019602,92.1,↑,0.125541,NS,24/30,6,5
Liver,B,tf_programs,NL→AR,NL,AR,0.010204,0.008559,-16.1,↓,0.795418,NS,10/18,6,3
Liver,B,tf_programs,NL→CR,NL,CR,0.010204,0.014866,45.7,↑,0.380952,NS,13/18,6,3
Liver,B,tf_programs,IT→IA,IT,IA,0.012529,0.019602,56.5,↑,0.309524,NS,18/25,5,5
Liver,B,tf_programs,IA→AR,IA,AR,0.019602,0.008559,-56.3,↓,0.25,NS,12/15,5,3
Liver,B,tf_programs,CR→AR,CR,AR,0.014866,0.008559,-42.4,↓,0.7,NS,6/9,3,3
Liver,PlasmaB,tf_programs,NL→IT,NL,IT,0.07887,0.090924,15.3,↑,0.428571,NS,20/30,6,5
Liver,PlasmaB,tf_programs,NL→IA,NL,IA,0.07887,0.079546,0.9,↑,0.792208,NS,17/30,6,5
Liver,PlasmaB,tf_programs,NL→AR,NL,AR,0.07887,0.05797,-26.5,↓,1.0,NS,6/12,6,2
Liver,PlasmaB,tf_programs,NL→CR,NL,CR,0.07887,0.050397,-36.1,↓,0.547619,NS,12/18,6,3
Liver,PlasmaB,tf_programs,IT→IA,IT,IA,0.090924,0.079546,-12.5,↓,0.547619,NS,16/25,5,5
Liver,PlasmaB,tf_programs,IA→AR,IA,AR,0.079546,0.05797,-27.1,↓,0.857143,NS,6/10,5,2
Liver,PlasmaB,tf_programs,CR→AR,CR,AR,0.050397,0.05797,15.0,↑,0.8,NS,4/6,3,2
Liver,Myeloid,tgfb_signaling,NL→IT,NL,IT,0.044405,0.057953,30.5,↑,0.662338,NS,18/30,6,5
Liver,Myeloid,tgfb_signaling,NL→IA,NL,IA,0.044405,0.059936,35.0,↑,0.177489,NS,23/30,6,5
Liver,Myeloid,tgfb_signaling,NL→AR,NL,AR,0.044405,0.077288,74.1,↑,0.166667,NS,15/18,6,3
Liver,Myeloid,tgfb_signaling,NL→CR,NL,CR,0.044405,0.050107,12.8,↑,0.547619,NS,12/18,6,3
Liver,Myeloid,tgfb_signaling,IT→IA,IT,IA,0.057953,0.059936,3.4,↑,1.0,NS,13/25,5,5
Liver,Myeloid,tgfb_signaling,IA→AR,IA,AR,0.059936,0.077288,29.0,↑,1.0,NS,7/15,5,3
Liver,Myeloid,tgfb_signaling,CR→AR,CR,AR,0.050107,0.077288,54.2,↑,0.7,NS,6/9,3,3
Liver,CD4_T,tgfb_signaling,NL→IT,NL,IT,0.087642,0.081868,-6.6,↓,0.588745,NS,22/36,6,6
Liver,CD4_T,tgfb_signaling,NL→IA,NL,IA,0.087642,0.088073,0.5,↑,0.792208,NS,17/30,6,5
Liver,CD4_T,tgfb_signaling,NL→AR,NL,AR,0.087642,0.076797,-12.4,↓,0.714286,NS,11/18,6,3
Liver,CD4_T,tgfb_signaling,NL→CR,NL,CR,0.087642,0.060516,-31.0,↓,0.095238,†,16/18,6,3
Liver,CD4_T,tgfb_signaling,IT→IA,IT,IA,0.081868,0.088073,7.6,↑,0.792208,NS,17/30,6,5
Liver,CD4_T,tgfb_signaling,IA→AR,IA,AR,0.088073,0.076797,-12.8,↓,0.571429,NS,10/15,5,3
Liver,CD4_T,tgfb_signaling,CR→AR,CR,AR,0.060516,0.076797,26.9,↑,0.7,NS,6/9,3,3
Liver,CD8_T,tgfb_signaling,NL→IT,NL,IT,0.097512,0.084507,-13.3,↓,0.24026,NS,26/36,6,6
Liver,CD8_T,tgfb_signaling,NL→IA,NL,IA,0.097512,0.091645,-6.0,↓,0.792208,NS,13/30,6,5
Liver,CD8_T,tgfb_signaling,NL→AR,NL,AR,0.097512,0.081234,-16.7,↓,0.380952,NS,13/18,6,3
Liver,CD8_T,tgfb_signaling,NL→CR,NL,CR,0.097512,0.063795,-34.6,↓,0.047619,*,17/18,6,3
Liver,CD8_T,tgfb_signaling,IT→IA,IT,IA,0.084507,0.091645,8.4,↑,0.536797,NS,19/30,6,5
Liver,CD8_T,tgfb_signaling,IA→AR,IA,AR,0.091645,0.081234,-11.4,↓,0.785714,NS,9/15,5,3
Liver,CD8_T,tgfb_signaling,CR→AR,CR,AR,0.063795,0.081234,27.3,↑,0.4,NS,7/9,3,3
Liver,NK,tgfb_signaling,NL→IT,NL,IT,0.098243,0.102638,4.5,↑,0.792208,NS,17/30,6,5
Liver,NK,tgfb_signaling,NL→IA,NL,IA,0.098243,0.111658,13.7,↑,0.662338,NS,18/30,6,5
Liver,NK,tgfb_signaling,NL→AR,NL,AR,0.098243,0.093635,-4.7,↓,1.0,NS,9/18,6,3
Liver,NK,tgfb_signaling,NL→CR,NL,CR,0.098243,0.079514,-19.1,↓,0.261905,NS,14/18,6,3
Liver,NK,tgfb_signaling,IT→IA,IT,IA,0.102638,0.111658,8.8,↑,0.547619,NS,16/25,5,5
Liver,NK,tgfb_signaling,IA→AR,IA,AR,0.111658,0.093635,-16.1,↓,0.392857,NS,11/15,5,3
Liver,NK,tgfb_signaling,CR→AR,CR,AR,0.079514,0.093635,17.8,↑,0.7,NS,6/9,3,3
Liver,B,tgfb_signaling,NL→IT,NL,IT,0.067589,0.070869,4.9,↑,0.930736,NS,14/30,6,5
Liver,B,tgfb_signaling,NL→IA,NL,IA,0.067589,0.067254,-0.5,↓,0.428571,NS,20/30,6,5
Liver,B,tgfb_signaling,NL→AR,NL,AR,0.067589,0.040711,-39.8,↓,0.166667,NS,15/18,6,3
Liver,B,tgfb_signaling,NL→CR,NL,CR,0.067589,0.042317,-37.4,↓,0.166667,NS,15/18,6,3
Liver,B,tgfb_signaling,IT→IA,IT,IA,0.070869,0.067254,-5.1,↓,1.0,NS,12/25,5,5
Liver,B,tgfb_signaling,IA→AR,IA,AR,0.067254,0.040711,-39.5,↓,0.25,NS,12/15,5,3
Liver,B,tgfb_signaling,CR→AR,CR,AR,0.042317,0.040711,-3.8,↓,1.0,NS,5/9,3,3
Liver,PlasmaB,tgfb_signaling,NL→IT,NL,IT,0.046533,0.067163,44.3,↑,0.329004,NS,21/30,6,5
Liver,PlasmaB,tgfb_signaling,NL→IA,NL,IA,0.046533,0.116834,151.1,↑,0.125541,NS,24/30,6,5
Liver,PlasmaB,tgfb_signaling,NL→AR,NL,AR,0.046533,0.08247,77.2,↑,0.428571,NS,9/12,6,2
Liver,PlasmaB,tgfb_signaling,NL→CR,NL,CR,0.046533,0.041753,-10.3,↓,1.0,NS,9/18,6,3
Liver,PlasmaB,tgfb_signaling,IT→IA,IT,IA,0.067163,0.116834,74.0,↑,0.222222,NS,19/25,5,5
Liver,PlasmaB,tgfb_signaling,IA→AR,IA,AR,0.116834,0.08247,-29.4,↓,0.571429,NS,7/10,5,2
Liver,PlasmaB,tgfb_signaling,CR→AR,CR,AR,0.041753,0.08247,97.5,↑,0.2,NS,6/6,3,2
Liver,Myeloid,tissue_resident,NL→IT,NL,IT,0.027376,0.030731,12.3,↑,0.662338,NS,18/30,6,5
Liver,Myeloid,tissue_resident,NL→IA,NL,IA,0.027376,0.043556,59.1,↑,0.536797,NS,19/30,6,5
Liver,Myeloid,tissue_resident,NL→AR,NL,AR,0.027376,0.050961,86.2,↑,0.095238,†,16/18,6,3
Liver,Myeloid,tissue_resident,NL→CR,NL,CR,0.027376,0.035773,30.7,↑,1.0,NS,9/18,6,3
Liver,Myeloid,tissue_resident,IT→IA,IT,IA,0.030731,0.043556,41.7,↑,1.0,NS,13/25,5,5
Liver,Myeloid,tissue_resident,IA→AR,IA,AR,0.043556,0.050961,17.0,↑,0.392857,NS,11/15,5,3
Liver,Myeloid,tissue_resident,CR→AR,CR,AR,0.035773,0.050961,42.5,↑,0.4,NS,7/9,3,3
Liver,CD4_T,tissue_resident,NL→IT,NL,IT,0.183702,0.183293,-0.2,↓,0.818182,NS,16/36,6,6
Liver,CD4_T,tissue_resident,NL→IA,NL,IA,0.183702,0.124197,-32.4,↓,0.017316,*,28/30,6,5
Liver,CD4_T,tissue_resident,NL→AR,NL,AR,0.183702,0.154535,-15.9,↓,0.714286,NS,11/18,6,3
Liver,CD4_T,tissue_resident,NL→CR,NL,CR,0.183702,0.154644,-15.8,↓,0.547619,NS,12/18,6,3
Liver,CD4_T,tissue_resident,IT→IA,IT,IA,0.183293,0.124197,-32.2,↓,0.017316,*,28/30,6,5
Liver,CD4_T,tissue_resident,IA→AR,IA,AR,0.124197,0.154535,24.4,↑,0.392857,NS,11/15,5,3
Liver,CD4_T,tissue_resident,CR→AR,CR,AR,0.154644,0.154535,-0.1,↓,1.0,NS,5/9,3,3
Liver,CD8_T,tissue_resident,NL→IT,NL,IT,0.197952,0.215394,8.8,↑,0.484848,NS,23/36,6,6
Liver,CD8_T,tissue_resident,NL→IA,NL,IA,0.197952,0.16964,-14.3,↓,0.329004,NS,21/30,6,5
Liver,CD8_T,tissue_resident,NL→AR,NL,AR,0.197952,0.198078,0.1,↑,0.904762,NS,8/18,6,3
Liver,CD8_T,tissue_resident,NL→CR,NL,CR,0.197952,0.188062,-5.0,↓,0.904762,NS,10/18,6,3
Liver,CD8_T,tissue_resident,IT→IA,IT,IA,0.215394,0.16964,-21.2,↓,0.082251,†,25/30,6,5
Liver,CD8_T,tissue_resident,IA→AR,IA,AR,0.16964,0.198078,16.8,↑,0.571429,NS,10/15,5,3
Liver,CD8_T,tissue_resident,CR→AR,CR,AR,0.188062,0.198078,5.3,↑,1.0,NS,5/9,3,3
Liver,NK,tissue_resident,NL→IT,NL,IT,0.164587,0.179333,9.0,↑,0.662338,NS,18/30,6,5
Liver,NK,tissue_resident,NL→IA,NL,IA,0.164587,0.152973,-7.1,↓,0.662338,NS,18/30,6,5
Liver,NK,tissue_resident,NL→AR,NL,AR,0.164587,0.164294,-0.2,↓,1.0,NS,9/18,6,3
Liver,NK,tissue_resident,NL→CR,NL,CR,0.164587,0.171981,4.5,↑,0.904762,NS,10/18,6,3
Liver,NK,tissue_resident,IT→IA,IT,IA,0.179333,0.152973,-14.7,↓,0.309524,NS,18/25,5,5
Liver,NK,tissue_resident,IA→AR,IA,AR,0.152973,0.164294,7.4,↑,1.0,NS,8/15,5,3
Liver,NK,tissue_resident,CR→AR,CR,AR,0.171981,0.164294,-4.5,↓,1.0,NS,5/9,3,3
Liver,B,tissue_resident,NL→IT,NL,IT,0.077007,0.098477,27.9,↑,0.930736,NS,14/30,6,5
Liver,B,tissue_resident,NL→IA,NL,IA,0.077007,0.089185,15.8,↑,0.792208,NS,17/30,6,5
Liver,B,tissue_resident,NL→AR,NL,AR,0.077007,0.082126,6.6,↑,1.0,NS,9/18,6,3
Liver,B,tissue_resident,NL→CR,NL,CR,0.077007,0.087695,13.9,↑,0.904762,NS,8/18,6,3
Liver,B,tissue_resident,IT→IA,IT,IA,0.098477,0.089185,-9.4,↓,0.690476,NS,15/25,5,5
Liver,B,tissue_resident,IA→AR,IA,AR,0.089185,0.082126,-7.9,↓,1.0,NS,8/15,5,3
Liver,B,tissue_resident,CR→AR,CR,AR,0.087695,0.082126,-6.4,↓,1.0,NS,5/9,3,3
Liver,PlasmaB,tissue_resident,NL→IT,NL,IT,0.021098,0.032348,53.3,↑,0.926596,NS,13/30,6,5
Liver,PlasmaB,tissue_resident,NL→IA,NL,IA,0.021098,0.032793,55.4,↑,0.782252,NS,16/30,6,5
Liver,PlasmaB,tissue_resident,NL→AR,NL,AR,0.021098,0.007011,-66.8,↓,0.614962,NS,8/12,6,2
Liver,PlasmaB,tissue_resident,NL→CR,NL,CR,0.021098,0.023932,13.4,↑,1.0,NS,8/18,6,3
Liver,PlasmaB,tissue_resident,IT→IA,IT,IA,0.032348,0.032793,1.4,↑,0.916563,NS,11/25,5,5
Liver,PlasmaB,tissue_resident,IA→AR,IA,AR,0.032793,0.007011,-78.6,↓,0.380952,NS,8/10,5,2
Liver,PlasmaB,tissue_resident,CR→AR,CR,AR,0.023932,0.007011,-70.7,↓,0.8,NS,4/6,3,2
Liver,Myeloid,treg,NL→IT,NL,IT,0.0,0.002301,99999.0,↑,0.048406,*,18/30,6,5
Liver,Myeloid,treg,NL→IA,NL,IA,0.0,0.001279,99999.0,↑,0.36131,NS,6/30,6,5
Liver,Myeloid,treg,NL→AR,NL,AR,0.0,0.0,0.0,↑,1.0,NS,0/18,6,3
Liver,Myeloid,treg,NL→CR,NL,CR,0.0,0.0,0.0,↑,1.0,NS,0/18,6,3
Liver,Myeloid,treg,IT→IA,IT,IA,0.002301,0.001279,-44.4,↓,0.346522,NS,13/25,5,5
Liver,Myeloid,treg,IA→AR,IA,AR,0.001279,0.0,-100.0,↓,0.605577,NS,3/15,5,3
Liver,Myeloid,treg,CR→AR,CR,AR,0.0,0.0,0.0,↑,1.0,NS,0/9,3,3
Liver,CD4_T,treg,NL→IT,NL,IT,0.042411,0.04445,4.8,↑,1.0,NS,18/36,6,6
Liver,CD4_T,treg,NL→IA,NL,IA,0.042411,0.04712,11.1,↑,0.536797,NS,19/30,6,5
Liver,CD4_T,treg,NL→AR,NL,AR,0.042411,0.0432,1.9,↑,0.904762,NS,8/18,6,3
Liver,CD4_T,treg,NL→CR,NL,CR,0.042411,0.032663,-23.0,↓,0.380952,NS,13/18,6,3
Liver,CD4_T,treg,IT→IA,IT,IA,0.04445,0.04712,6.0,↑,0.662338,NS,18/30,6,5
Liver,CD4_T,treg,IA→AR,IA,AR,0.04712,0.0432,-8.3,↓,0.785714,NS,9/15,5,3
Liver,CD4_T,treg,CR→AR,CR,AR,0.032663,0.0432,32.3,↑,0.4,NS,7/9,3,3
Liver,CD8_T,treg,NL→IT,NL,IT,0.022567,0.025081,11.1,↑,0.699134,NS,15/36,6,6
Liver,CD8_T,treg,NL→IA,NL,IA,0.022567,0.020806,-7.8,↓,0.930736,NS,14/30,6,5
Liver,CD8_T,treg,NL→AR,NL,AR,0.022567,0.017305,-23.3,↓,0.380952,NS,13/18,6,3
Liver,CD8_T,treg,NL→CR,NL,CR,0.022567,0.012259,-45.7,↓,0.02381,*,18/18,6,3
Liver,CD8_T,treg,IT→IA,IT,IA,0.025081,0.020806,-17.0,↓,1.0,NS,15/30,6,5
Liver,CD8_T,treg,IA→AR,IA,AR,0.020806,0.017305,-16.8,↓,0.392857,NS,11/15,5,3
Liver,CD8_T,treg,CR→AR,CR,AR,0.012259,0.017305,41.2,↑,0.4,NS,7/9,3,3
Liver,NK,treg,NL→IT,NL,IT,0.017452,0.0184,5.4,↑,0.930736,NS,16/30,6,5
Liver,NK,treg,NL→IA,NL,IA,0.017452,0.021556,23.5,↑,0.536797,NS,19/30,6,5
Liver,NK,treg,NL→AR,NL,AR,0.017452,0.015612,-10.5,↓,0.714286,NS,11/18,6,3
Liver,NK,treg,NL→CR,NL,CR,0.017452,0.021478,23.1,↑,0.714286,NS,11/18,6,3
Liver,NK,treg,IT→IA,IT,IA,0.0184,0.021556,17.2,↑,0.84127,NS,14/25,5,5
Liver,NK,treg,IA→AR,IA,AR,0.021556,0.015612,-27.6,↓,0.785714,NS,9/15,5,3
Liver,NK,treg,CR→AR,CR,AR,0.021478,0.015612,-27.3,↓,0.7,NS,6/9,3,3
Liver,B,treg,NL→IT,NL,IT,0.006598,0.047418,618.6,↑,0.080042,†,25/30,6,5
Liver,B,treg,NL→IA,NL,IA,0.006598,0.012982,96.7,↑,0.575062,NS,17/30,6,5
Liver,B,treg,NL→AR,NL,AR,0.006598,0.006164,-6.6,↓,1.0,NS,6/18,6,3
Liver,B,treg,NL→CR,NL,CR,0.006598,0.011696,77.3,↑,0.237302,NS,14/18,6,3
Liver,B,treg,IT→IA,IT,IA,0.047418,0.012982,-72.6,↓,0.309524,NS,18/25,5,5
Liver,B,treg,IA→AR,IA,AR,0.012982,0.006164,-52.5,↓,0.541193,NS,9/15,5,3
Liver,B,treg,CR→AR,CR,AR,0.011696,0.006164,-47.3,↓,0.657905,NS,6/9,3,3
Liver,PlasmaB,treg,NL→IT,NL,IT,0.00246,0.013495,448.6,↑,0.597048,NS,12/30,6,5
Liver,PlasmaB,treg,NL→IA,NL,IA,0.00246,0.013655,455.1,↑,0.907569,NS,6/30,6,5
Liver,PlasmaB,treg,NL→AR,NL,AR,0.00246,0.0,-100.0,↓,0.512691,NS,4/12,6,2
Liver,PlasmaB,treg,NL→CR,NL,CR,0.00246,0.01271,416.7,↑,0.878088,NS,6/18,6,3
Liver,PlasmaB,treg,IT→IA,IT,IA,0.013495,0.013655,1.2,↑,0.79717,NS,5/25,5,5
Liver,PlasmaB,treg,IA→AR,IA,AR,0.013655,0.0,-100.0,↓,0.75183,NS,2/10,5,2
Liver,PlasmaB,treg,CR→AR,CR,AR,0.01271,0.0,-100.0,↓,0.683091,NS,2/6,3,2
Liver,Myeloid,type1_ifn,NL→IT,NL,IT,0.096983,0.126633,30.6,↑,0.536797,NS,19/30,6,5
Liver,Myeloid,type1_ifn,NL→IA,NL,IA,0.096983,0.112089,15.6,↑,1.0,NS,15/30,6,5
Liver,Myeloid,type1_ifn,NL→AR,NL,AR,0.096983,0.149296,53.9,↑,0.380952,NS,13/18,6,3
Liver,Myeloid,type1_ifn,NL→CR,NL,CR,0.096983,0.107463,10.8,↑,0.547619,NS,12/18,6,3
Liver,Myeloid,type1_ifn,IT→IA,IT,IA,0.126633,0.112089,-11.5,↓,0.547619,NS,16/25,5,5
Liver,Myeloid,type1_ifn,IA→AR,IA,AR,0.112089,0.149296,33.2,↑,0.392857,NS,11/15,5,3
Liver,Myeloid,type1_ifn,CR→AR,CR,AR,0.107463,0.149296,38.9,↑,0.4,NS,7/9,3,3
Liver,CD4_T,type1_ifn,NL→IT,NL,IT,0.076137,0.085427,12.2,↑,0.588745,NS,22/36,6,6
Liver,CD4_T,type1_ifn,NL→IA,NL,IA,0.076137,0.085132,11.8,↑,0.662338,NS,18/30,6,5
Liver,CD4_T,type1_ifn,NL→AR,NL,AR,0.076137,0.08819,15.8,↑,0.547619,NS,12/18,6,3
Liver,CD4_T,type1_ifn,NL→CR,NL,CR,0.076137,0.088682,16.5,↑,0.547619,NS,12/18,6,3
Liver,CD4_T,type1_ifn,IT→IA,IT,IA,0.085427,0.085132,-0.3,↓,1.0,NS,15/30,6,5
Liver,CD4_T,type1_ifn,IA→AR,IA,AR,0.085132,0.08819,3.6,↑,1.0,NS,8/15,5,3
Liver,CD4_T,type1_ifn,CR→AR,CR,AR,0.088682,0.08819,-0.6,↓,1.0,NS,4/9,3,3
Liver,CD8_T,type1_ifn,NL→IT,NL,IT,0.076579,0.091367,19.3,↑,0.309524,NS,25/36,6,6
Liver,CD8_T,type1_ifn,NL→IA,NL,IA,0.076579,0.086389,12.8,↑,0.536797,NS,19/30,6,5
Liver,CD8_T,type1_ifn,NL→AR,NL,AR,0.076579,0.089889,17.4,↑,0.714286,NS,11/18,6,3
Liver,CD8_T,type1_ifn,NL→CR,NL,CR,0.076579,0.085849,12.1,↑,0.714286,NS,11/18,6,3
Liver,CD8_T,type1_ifn,IT→IA,IT,IA,0.091367,0.086389,-5.4,↓,0.792208,NS,17/30,6,5
Liver,CD8_T,type1_ifn,IA→AR,IA,AR,0.086389,0.089889,4.1,↑,1.0,NS,7/15,5,3
Liver,CD8_T,type1_ifn,CR→AR,CR,AR,0.085849,0.089889,4.7,↑,1.0,NS,5/9,3,3
Liver,NK,type1_ifn,NL→IT,NL,IT,0.068853,0.078052,13.4,↑,0.536797,NS,19/30,6,5
Liver,NK,type1_ifn,NL→IA,NL,IA,0.068853,0.068113,-1.1,↓,0.662338,NS,12/30,6,5
Liver,NK,type1_ifn,NL→AR,NL,AR,0.068853,0.065688,-4.6,↓,0.714286,NS,11/18,6,3
Liver,NK,type1_ifn,NL→CR,NL,CR,0.068853,0.069059,0.3,↑,1.0,NS,9/18,6,3
Liver,NK,type1_ifn,IT→IA,IT,IA,0.078052,0.068113,-12.7,↓,0.547619,NS,16/25,5,5
Liver,NK,type1_ifn,IA→AR,IA,AR,0.068113,0.065688,-3.6,↓,1.0,NS,8/15,5,3
Liver,NK,type1_ifn,CR→AR,CR,AR,0.069059,0.065688,-4.9,↓,0.7,NS,6/9,3,3
Liver,B,type1_ifn,NL→IT,NL,IT,0.057185,0.068467,19.7,↑,0.536797,NS,19/30,6,5
Liver,B,type1_ifn,NL→IA,NL,IA,0.057185,0.081904,43.2,↑,0.051948,†,26/30,6,5
Liver,B,type1_ifn,NL→AR,NL,AR,0.057185,0.072554,26.9,↑,0.380952,NS,13/18,6,3
Liver,B,type1_ifn,NL→CR,NL,CR,0.057185,0.090216,57.8,↑,0.095238,†,16/18,6,3
Liver,B,type1_ifn,IT→IA,IT,IA,0.068467,0.081904,19.6,↑,1.0,NS,13/25,5,5
Liver,B,type1_ifn,IA→AR,IA,AR,0.081904,0.072554,-11.4,↓,1.0,NS,8/15,5,3
Liver,B,type1_ifn,CR→AR,CR,AR,0.090216,0.072554,-19.6,↓,0.4,NS,7/9,3,3
Liver,PlasmaB,type1_ifn,NL→IT,NL,IT,0.102879,0.166938,62.3,↑,0.177489,NS,23/30,6,5
Liver,PlasmaB,type1_ifn,NL→IA,NL,IA,0.102879,0.162385,57.8,↑,0.082251,†,25/30,6,5
Liver,PlasmaB,type1_ifn,NL→AR,NL,AR,0.102879,0.191678,86.3,↑,0.285714,NS,10/12,6,2
Liver,PlasmaB,type1_ifn,NL→CR,NL,CR,0.102879,0.160175,55.7,↑,0.166667,NS,15/18,6,3
Liver,PlasmaB,type1_ifn,IT→IA,IT,IA,0.166938,0.162385,-2.7,↓,0.84127,NS,14/25,5,5
Liver,PlasmaB,type1_ifn,IA→AR,IA,AR,0.162385,0.191678,18.0,↑,0.571429,NS,7/10,5,2
Liver,PlasmaB,type1_ifn,CR→AR,CR,AR,0.160175,0.191678,19.7,↑,0.8,NS,4/6,3,2
