tissue_liver,gene,lineage,comparison_liver,stage1_liver,stage2_liver,mean_s1_liver,mean_s2_liver,pct_change_liver,direction_liver,p_value_liver,sig_liver,consistency_liver,n_s1_liver,n_s2_liver,tissue_blood,comparison_blood,stage1_blood,stage2_blood,mean_s1_blood,mean_s2_blood,pct_change_blood,direction_blood,p_value_blood,sig_blood,consistency_blood,n_s1_blood,n_s2_blood
Liver,TOX,CD8_T,NL→IT,NL,IT,0.2280252,0.42543235,86.5999984741211,↑,0.002165,**,36/36,6,6,Blood,NL→IT,NL,IT,0.15423551,0.1018134,-34.0,↓,0.420635,NS,17/25,5,5
Liver,BCL6,CD8_T,NL→IT,NL,IT,0.0459332,0.120848864,163.10000610351562,↑,0.004329,**,35/36,6,6,Blood,NL→IT,NL,IT,0.013443465,0.0071262866,-47.0,↓,0.517904,NS,14/25,5,5
Liver,TIGIT,CD8_T,NL→IT,NL,IT,0.2364207,0.5945039,151.5,↑,0.004329,**,35/36,6,6,Blood,NL→IT,NL,IT,0.34593913,0.21055773,-39.09999847412109,↓,0.095238,†,21/25,5,5
Liver,CTLA4,CD4_T,NL→IT,NL,IT,0.104760885,0.28403524,171.10000610351562,↑,0.004329,**,35/36,6,6,Blood,NL→IT,NL,IT,0.17237581,0.07934436,-54.0,↓,0.095238,†,21/25,5,5
Liver,TOX,Myeloid,NL→IT,NL,IT,0.004393392,0.08596864,1856.800048828125,↑,0.004337,**,36/36,6,6,Blood,NL→IT,NL,IT,0.032687202,0.0033713125,-89.69999694824219,↓,0.746476,NS,9/25,5,5
Liver,LAYN,CD4_T,NL→IT,NL,IT,0.026109649,0.13851188,430.5,↑,0.008658,**,34/36,6,6,Blood,NL→IT,NL,IT,0.009453646,0.004453427,-52.900001525878906,↓,0.401965,NS,8/25,5,5
Liver,EIF4EBP1,NK,NL→IT,NL,IT,0.13119063,0.06157023,-53.09999847412109,↓,0.008658,**,34/36,6,6,Blood,NL→IT,NL,IT,0.08123996,0.08386645,3.200000047683716,↑,0.84127,NS,14/25,5,5
Liver,TOX,CD4_T,NL→IT,NL,IT,0.15769193,0.31641915,100.6999969482422,↑,0.008658,**,34/36,6,6,Blood,NL→IT,NL,IT,0.1522135,0.094421506,-38.0,↓,1.0,NS,13/25,5,5
Liver,TOX2,CD4_T,NL→IT,NL,IT,0.029588051,0.10122948,242.1000061035156,↑,0.008658,**,34/36,6,6,Blood,NL→IT,NL,IT,0.027806025,0.018434789,-33.70000076293945,↓,0.547619,NS,16/25,5,5
Liver,DNMT3B,NK,NL→IT,NL,IT,0.003280498,0.0005313327,-83.80000305175781,↓,0.012436,*,34/36,6,6,Blood,NL→IT,NL,IT,0.0002333731,0.00048867054,109.4000015258789,↑,0.440686,NS,10/25,5,5
Liver,EIF4EBP1,CD4_T,NL→IT,NL,IT,0.09859064,0.05023527,-49.0,↓,0.015152,*,33/36,6,6,Blood,NL→IT,NL,IT,0.058018625,0.06095774,5.099999904632568,↑,1.0,NS,13/25,5,5
Liver,TIGIT,CD4_T,NL→IT,NL,IT,0.17953838,0.4017423,123.8000030517578,↑,0.015152,*,33/36,6,6,Blood,NL→IT,NL,IT,0.24880676,0.18120852,-27.200000762939453,↓,0.84127,NS,14/25,5,5
Liver,CDKN1A,PlasmaB,NL→IT,NL,IT,0.9455891,1.4930073,57.900001525878906,↑,0.017316,*,28/30,6,5,Blood,NL→IT,NL,IT,0.31754494,0.120408274,-62.09999847412109,↓,0.753298,NS,14/25,5,5
Liver,CASP8,PlasmaB,NL→IT,NL,IT,0.08401882,0.2687725,219.8999938964844,↑,0.022174,*,28/30,6,5,Blood,NL→IT,NL,IT,0.2339458,0.21500686,-8.100000381469727,↓,0.420635,NS,8/25,5,5
Liver,CXCL13,CD8_T,NL→IT,NL,IT,0.000563663,0.04230233,7404.89990234375,↑,0.024992,*,30/36,6,6,Blood,NL→IT,NL,IT,0.0003232813,0.0,-100.0,↓,0.423711,NS,5/25,5,5
Liver,BATF,Myeloid,NL→IT,NL,IT,0.16410907,0.061665103,-62.400001525878906,↓,0.025974,*,32/36,6,6,Blood,NL→IT,NL,IT,0.09531076,0.1258401,32.0,↑,0.690476,NS,15/25,5,5
Liver,PDCD1,CD8_T,NL→IT,NL,IT,0.29914555,0.58536863,95.6999969482422,↑,0.025974,*,32/36,6,6,Blood,NL→IT,NL,IT,0.1500996,0.063714325,-57.59999847412109,↓,1.0,NS,12/25,5,5
Liver,TP53,CD8_T,NL→IT,NL,IT,0.037364177,0.06181705,65.4000015258789,↑,0.025974,*,32/36,6,6,Blood,NL→IT,NL,IT,0.12672849,0.08731982,-31.100000381469727,↓,0.690476,NS,15/25,5,5
Liver,BIRC5,Myeloid,NL→IT,NL,IT,0.00490065,0.030347072,519.2000122070312,↑,0.040253,*,28/36,6,6,Blood,NL→IT,NL,IT,0.008397618,0.0,-100.0,↓,0.179712,NS,10/25,5,5
Liver,IRF4,CD8_T,NL→IT,NL,IT,0.14344539,0.2750184,91.6999969482422,↑,0.041126,*,31/36,6,6,Blood,NL→IT,NL,IT,0.036340684,0.013270048,-63.5,↓,0.150794,NS,20/25,5,5
Liver,VEGFA,Myeloid,NL→IT,NL,IT,0.4776695,0.15079856,-68.4000015258789,↓,0.041126,*,31/36,6,6,Blood,NL→IT,NL,IT,0.02984885,0.06771095,126.8000030517578,↑,0.059327,†,22/25,5,5
Liver,CTLA4,CD8_T,NL→IT,NL,IT,0.038592245,0.13803601,257.70001220703125,↑,0.064935,†,30/36,6,6,Blood,NL→IT,NL,IT,0.08139478,0.023193302,-71.5,↓,0.007937,**,25/25,5,5
Liver,IL7R,PlasmaB,NL→IT,NL,IT,0.10656807,0.026919175,-74.69999694824219,↓,0.400394,NS,18/30,6,5,Blood,NL→IT,NL,IT,0.011877371,0.0932675,685.2999877929688,↑,0.044909,*,20/25,5,5
Liver,CD274,CD8_T,NL→IT,NL,IT,0.014197335,0.009727548,-31.5,↓,0.422527,NS,23/36,6,6,Blood,NL→IT,NL,IT,0.0023446784,0.008666026,269.6000061035156,↑,0.034454,*,23/25,5,5
Liver,LAYN,Myeloid,NL→IT,NL,IT,0.0075402274,0.007280013,-3.5,↓,0.445976,NS,6/36,6,6,Blood,NL→IT,NL,IT,0.0,0.0017457635,99999.0,↑,0.02537,*,20/25,5,5
Liver,EIF4EBP1,B,NL→IT,NL,IT,0.10918754,0.095087364,-12.899999618530272,↓,0.662338,NS,18/30,6,5,Blood,NL→IT,NL,IT,0.14001934,0.21351445,52.5,↑,0.007937,**,25/25,5,5
Liver,SERPINE1,Myeloid,NL→IT,NL,IT,0.041007463,0.030614415,-25.299999237060547,↓,0.683635,NS,19/36,6,6,Blood,NL→IT,NL,IT,0.00024159501,0.0032383644,1240.4000244140625,↑,0.044909,*,20/25,5,5
Liver,PYCARD,Myeloid,NL→IT,NL,IT,1.2516918,1.178778,-5.800000190734863,↓,0.818182,NS,20/36,6,6,Blood,NL→IT,NL,IT,1.512367,1.8861771,24.700000762939453,↑,0.007937,**,25/25,5,5
Liver,BATF,CD4_T,NL→IT,NL,IT,0.30720818,0.31029573,1.0,↑,0.818182,NS,20/36,6,6,Blood,NL→IT,NL,IT,0.40735778,0.24605688,-39.59999847412109,↓,0.031746,*,23/25,5,5
Liver,VEGFB,NK,NL→IT,NL,IT,0.02323251,0.02017714,-13.199999809265137,↓,0.818182,NS,16/36,6,6,Blood,NL→IT,NL,IT,0.01488578,0.03757123,152.39999389648438,↑,0.007937,**,25/25,5,5
Liver,DNMT3A,CD4_T,NL→IT,NL,IT,0.06032011,0.056304168,-6.699999809265137,↓,0.937229,NS,19/36,6,6,Blood,NL→IT,NL,IT,0.04807196,0.11212049,133.1999969482422,↑,0.007937,**,25/25,5,5
Liver,ATP5F1B,Myeloid,NL→IT,NL,IT,1.2816397,1.2803249,-0.1000000014901161,↓,0.937229,NS,17/36,6,6,Blood,NL→IT,NL,IT,0.781137,1.2462801,59.5,↑,0.031746,*,23/25,5,5
Liver,TGFBR1,NK,NL→IT,NL,IT,0.13320853,0.12111059,-9.100000381469728,↓,1.0,NS,18/36,6,6,Blood,NL→IT,NL,IT,0.14647858,0.28691548,95.9000015258789,↑,0.007937,**,25/25,5,5
Liver,JAK3,PlasmaB,NL→IT,NL,IT,0.10584203,0.082747854,-21.799999237060547,↓,1.0,NS,15/30,6,5,Blood,NL→IT,NL,IT,0.014100498,0.08140651,477.2999877929688,↑,0.011159,*,25/25,5,5
Liver,CDK1,B,NL→IT,NL,IT,0.009602032,0.0029172762,-69.5999984741211,↓,1.0,NS,5/30,6,5,Blood,NL→IT,NL,IT,0.00021718384,0.0025471551,1072.800048828125,↑,0.044909,*,20/25,5,5
