Gene,Lineage,Tissue,NL→IT_change,NL→IT_p,NL→IT_sig,NL→IT_consistency,IT→IA_change,IT→IA_p,IT→IA_sig,IT→IA_consistency,NL→IA_change,NL→IA_p,NL→IA_sig,NL→IA_consistency,Pattern
TGFB1,Myeloid,Blood,↑155.6%,0.0079,★,25/25,↑8.0%,0.4127,,14/20,↑176.0%,0.0159,★,20/20,IT-persistent
TGFB1,Myeloid,Liver,↑9.1%,0.4848,,23/36,↑34.5%,0.1255,,24/30,↑46.8%,0.0173,★,28/30,Chronic (NL→IA sig)
TGFB1,NK,Blood,↑22.8%,0.3095,,18/25,↑43.9%,0.0159,★,20/20,↑76.6%,0.0159,★,20/20,IA-emergent
ID3,CD4_T,Blood,↑367.9%,0.0159,★,24/25,↑30.5%,0.5556,,13/20,↑510.4%,0.0159,★,20/20,IT-persistent
ID3,CD4_T,Liver,↑64.1%,0.1797,,27/36,↓3.3%,0.5368,,11/30,↑58.7%,0.0087,★,29/30,Chronic (NL→IA sig)
ID3,CD8_T,Blood,↑453.0%,0.0361,★,23/25,↑25.5%,0.7302,,12/20,↑593.7%,0.0195,★,20/20,IT-persistent
ID3,NK,Blood,↑111.2%,0.2903,,18/25,↑770.3%,0.0317,★,19/20,↑1738.1%,0.0179,★,20/20,IA-emergent
SERPINE1,CD4_T,Liver,↓84.8%,0.3261,,18/36,↑534.1%,0.0444,★,24/30,↓3.9%,1.0,,14/30,IA-emergent
SERPINE1,Myeloid,Blood,↑1240.4%,0.0449,★,20/25,↑60.9%,0.6228,,7/20,↑2057.0%,0.2272,,13/20,IT-persistent
SERPINE1,NK,Blood,↑88.1%,0.2045,,19/25,↑341.4%,0.0159,★,20/20,↑730.2%,0.0617,†,18/20,IA-emergent
TOX,CD4_T,Liver,↑100.7%,0.0087,★,34/36,↓15.2%,0.9307,,14/30,↑70.2%,0.1255,,24/30,IT-persistent
TOX,CD8_T,Liver,↑86.6%,0.0022,★,36/36,↑4.1%,0.329,,21/30,↑94.2%,0.1255,,24/30,IT-persistent
TOX,Myeloid,Liver,↑1856.8%,0.0043,★,36/36,↓96.1%,0.0067,★,30/30,↓24.6%,0.9076,,8/30,TRANSITION
GZMK,CD8_T,Liver,↑28.7%,0.0649,†,30/36,↓22.7%,0.0303,★,27/30,↓0.5%,1.0,,15/30,IA-emergent
GZMK,Myeloid,Liver,↑248.3%,0.2946,,25/36,↓98.4%,0.0116,★,29/30,↓94.3%,0.2448,,15/30,IA-emergent
GZMK,NK,Blood,↑55.5%,0.8413,,14/25,↑161.3%,0.1111,,17/20,↑306.4%,0.0159,★,20/20,Chronic (NL→IA sig)
SNAI1,Myeloid,Liver,↓44.6%,0.2403,,26/36,↓53.4%,0.2722,,21/30,↓74.2%,0.0303,★,27/30,Chronic (NL→IA sig)
SOCS1,CD4_T,Blood,↓67.0%,0.0079,★,25/25,↑131.5%,0.9048,,9/20,↓23.6%,0.2857,,15/20,IT-persistent
SOCS1,CD8_T,Blood,↓64.0%,0.0079,★,25/25,↑142.1%,0.7302,,8/20,↓12.9%,0.2857,,15/20,IT-persistent
SOCS1,NK,Liver,↓22.5%,0.026,★,32/36,↓4.0%,0.7922,,13/30,↓25.6%,0.1775,,23/30,IT-persistent
SOCS3,CD4_T,Blood,↓76.9%,0.0079,★,25/25,↑50.7%,1.0,,10/20,↓65.2%,0.1111,,17/20,IT-persistent
SOCS3,CD8_T,Blood,↓78.9%,0.0159,★,24/25,↑141.2%,0.7302,,12/20,↓49.1%,0.1111,,17/20,IT-persistent
LAYN,CD4_T,Liver,↑430.5%,0.0087,★,34/36,↓32.4%,1.0,,15/30,↑258.8%,0.1255,,24/30,IT-persistent
LAYN,Myeloid,Blood,↑inf%,0.0254,★,20/25,↑13.4%,0.8057,,11/20,↑inf%,0.0416,★,15/20,IT-persistent
TOX2,CD4_T,Liver,↑242.1%,0.0087,★,34/36,↑2.5%,0.9307,,16/30,↑250.8%,0.0303,★,27/30,IT-persistent
LGALS9,CD4_T,Liver,↑104.9%,0.1488,,27/36,↑12.9%,0.9307,,16/30,↑131.4%,0.0173,★,28/30,Chronic (NL→IA sig)
LGALS9,Myeloid,Blood,↑93.7%,0.0159,★,24/25,↑1.4%,1.0,,10/20,↑96.4%,0.0317,★,19/20,IT-persistent
LGALS9,NK,Liver,↑61.6%,0.026,★,32/36,↓31.6%,0.0519,†,26/30,↑10.5%,0.7922,,17/30,IT-persistent
AIM2,Myeloid,Blood,↑1431.2%,0.0112,★,25/25,↑17.9%,0.5556,,13/20,↑1705.3%,0.0179,★,20/20,IT-persistent
MEFV,Myeloid,Blood,↑201.1%,0.0079,★,25/25,↓18.2%,0.9048,,11/20,↑146.2%,0.1905,,16/20,IT-persistent
DNMT1,Myeloid,Blood,↑163.8%,0.0079,★,25/25,↑6.0%,0.9048,,11/20,↑179.8%,0.0159,★,20/20,IT-persistent
DNMT1,Myeloid,Liver,↑125.2%,0.0022,★,36/36,↓33.5%,0.2468,,22/30,↑49.7%,0.329,,21/30,IT-persistent
DNMT1,NK,Blood,↑64.3%,0.0317,★,23/25,↑6.2%,0.7302,,12/20,↑74.5%,0.0317,★,19/20,IT-persistent
DNMT3A,CD4_T,Blood,↑133.2%,0.0079,★,25/25,↓7.2%,0.9048,,11/20,↑116.4%,0.1905,,16/20,IT-persistent
DNMT3A,CD8_T,Blood,↑90.3%,0.0159,★,24/25,↓0.5%,0.9048,,11/20,↑89.4%,0.0635,†,18/20,IT-persistent
DNMT3A,Myeloid,Blood,↑348.3%,0.0119,★,25/25,↓9.4%,0.9048,,11/20,↑306.2%,0.0195,★,20/20,IT-persistent
DNMT3A,NK,Blood,↑48.3%,0.3095,,18/25,↑44.1%,0.1111,,17/20,↑113.8%,0.0317,★,19/20,Chronic (NL→IA sig)
TET2,Myeloid,Blood,↑150.1%,0.0079,★,25/25,↓4.0%,0.5556,,13/20,↑139.9%,0.0159,★,20/20,IT-persistent
TET2,NK,Blood,↑72.0%,0.0317,★,23/25,↑0.8%,0.9048,,9/20,↑73.3%,0.1111,,17/20,IT-persistent
JAK1,CD4_T,Blood,↑22.3%,0.0952,†,21/25,↑14.3%,0.1905,,16/20,↑39.8%,0.0159,★,20/20,Chronic (NL→IA sig)
JAK1,CD4_T,Liver,↑36.0%,0.0411,★,31/36,↓3.9%,0.7922,,17/30,↑30.6%,0.0823,†,25/30,IT-persistent
JAK1,CD8_T,Blood,↑26.8%,0.5476,,16/25,↑16.2%,0.2857,,15/20,↑47.4%,0.0317,★,19/20,Chronic (NL→IA sig)
JAK1,Myeloid,Blood,↑128.3%,0.0079,★,25/25,↑3.2%,0.7302,,12/20,↑135.5%,0.0159,★,20/20,IT-persistent
JAK1,Myeloid,Liver,↑31.2%,0.132,,28/36,↑20.7%,0.4286,,20/30,↑58.4%,0.0303,★,27/30,Chronic (NL→IA sig)
JAK1,NK,Blood,↑46.9%,0.0079,★,25/25,↑12.1%,0.1905,,16/20,↑64.8%,0.0159,★,20/20,IT-persistent
MTOR,CD4_T,Liver,↑154.9%,0.0087,★,34/36,↓27.8%,0.329,,21/30,↑84.0%,0.0519,†,26/30,IT-persistent
MTOR,CD8_T,Blood,↑95.5%,0.2222,,19/25,↑5.8%,0.9048,,11/20,↑106.9%,0.0159,★,20/20,Chronic (NL→IA sig)
MTOR,Myeloid,Blood,↑520.5%,0.0119,★,25/25,↑14.2%,0.7302,,12/20,↑608.5%,0.0195,★,20/20,IT-persistent
MTOR,Myeloid,Liver,↑327.3%,0.0341,★,30/36,↓64.7%,0.0617,†,24/30,↑50.9%,0.8422,,12/30,IT-persistent
PRDM1,CD4_T,Blood,↓58.5%,0.0079,★,25/25,↓13.2%,0.7302,,12/20,↓64.0%,0.0159,★,20/20,IT-persistent
PRDM1,CD4_T,Liver,↓36.4%,0.0022,★,36/36,↓14.9%,0.5368,,19/30,↓45.8%,0.0043,★,30/30,IT-persistent
PRDM1,CD8_T,Blood,↓57.9%,0.0079,★,25/25,↑28.7%,0.2857,,15/20,↓45.9%,0.1111,,17/20,IT-persistent
PRDM1,NK,Blood,↓31.4%,0.0556,†,22/25,↓27.2%,0.1111,,17/20,↓50.0%,0.0159,★,20/20,Chronic (NL→IA sig)
FOXP3,CD4_T,Liver,↑153.7%,0.0931,†,29/36,↑40.0%,0.6623,,18/30,↑255.0%,0.0043,★,30/30,Chronic (NL→IA sig)
FOXP3,CD8_T,Blood,↑358.8%,0.2652,,15/25,↑151.4%,0.1099,,17/20,↑1053.4%,0.0179,★,20/20,Chronic (NL→IA sig)
FOXP3,CD8_T,Liver,↑1247.4%,0.045,★,31/36,↓80.9%,0.329,,21/30,↑157.4%,0.407,,19/30,IT-persistent
FOXP3,NK,Liver,↑526.1%,0.1044,,24/36,↑92.8%,0.519,,18/30,↑1107.0%,0.0444,★,24/30,Chronic (NL→IA sig)
TIGIT,CD4_T,Liver,↑123.8%,0.0152,★,33/36,↑15.0%,0.5368,,19/30,↑157.4%,0.0087,★,29/30,IT-persistent
TIGIT,CD8_T,Liver,↑151.5%,0.0043,★,35/36,↑13.7%,0.4286,,20/30,↑186.0%,0.0823,†,25/30,IT-persistent
TIGIT,Myeloid,Blood,↑inf%,0.1797,,10/25,↑369.0%,0.1706,,16/20,↑inf%,0.0108,★,20/20,Chronic (NL→IA sig)
CTLA4,CD4_T,Liver,↑171.1%,0.0043,★,35/36,↓3.0%,0.9307,,16/30,↑163.1%,0.0303,★,27/30,IT-persistent
CTLA4,CD8_T,Blood,↓71.5%,0.0079,★,25/25,↑403.0%,0.9048,,9/20,↑43.3%,0.2857,,5/20,IT-persistent
CTLA4,CD8_T,Liver,↑257.7%,0.0649,†,30/36,↑91.2%,0.2468,,22/30,↑583.8%,0.0173,★,28/30,Chronic (NL→IA sig)
CTLA4,NK,Liver,↑178.4%,0.2946,,24/36,↑76.6%,0.329,,21/30,↑391.7%,0.0353,★,27/30,Chronic (NL→IA sig)
BCL6,CD8_T,Liver,↑163.1%,0.0043,★,35/36,↓29.4%,0.2468,,22/30,↑85.8%,0.1775,,23/30,IT-persistent
